district,state,work_sector,area_type,distance_from_city,gdp_per_capita,literacy_rate_male,literacy_rate_female,avg_upi_txn_volume,gender,predicted_income
Kota,Rajasthan,IT and Security,Urban,111.0,85.62,92.77,64.85,47.42,Female,38723.54
Pilibhit,Uttar Pradesh,Services,Urban,117.2,72.97,85.57,69.97,56.82,Male,47241.93
Sri Ganganagar,Rajasthan,Construction,Urban,17.8,68.74,75.3,69.7,56.79,Male,55091.17
Malkangiri,Odisha,Services,Urban,184.4,90.45,82.7,82.86,72.41,Female,28882.53
Idukki,Kerala,Food,Urban,166.8,67.73,83.8,72.03,73.94,Female,5000.0
Valsad,Gujarat,LifeStyle,Urban,185.2,66.93,99.88,86.87,63.89,Female,53546.34
Sukma,Chhattisgarh,Construction,Urban,106.9,82.73,96.16,60.96,47.7,Male,33674.31
Malkangiri,Odisha,Services,Urban,184.4,90.45,82.7,82.86,72.41,Female,43319.1
Balangir,Odisha,Medical,Urban,144.7,104.27,75.2,72.32,68.88,Male,44081.08
Eluru,Andhra Pradesh,LifeStyle,Rural,52.2,109.58,78.63,82.09,31.38,Female,61369.33
Sabarkantha,Gujarat,LifeStyle,Rural,58.2,67.79,98.54,72.03,49.21,Male,20924.85
Lohit,Arunachal Pradesh,Services,Rural,107.2,64.57,91.88,72.78,27.75,Female,26071.14
Rewari,Haryana,Services,Urban,82.6,71.17,77.7,78.53,39.85,Female,75863.84
Kolhapur,Maharashtra,Agriculture,Urban,39.9,75.51,95.79,68.67,48.79,Female,60205.85
Harda,Madhya Pradesh,Food,Rural,169.7,60.56,73.84,90.21,26.65,Male,31492.36
Mandsaur,Madhya Pradesh,Medical,Urban,139.2,122.54,97.67,91.83,97.6,Female,43907.18
Ambala,Haryana,Construction,Rural,124.4,60.49,71.31,70.21,66.29,Male,8652.27
Kabirdham,Chhattisgarh,Medical,Rural,83.6,95.71,94.26,65.81,56.11,Male,54949.26
Mahe,Puducherry,LifeStyle,Urban,19.0,54.4,77.85,85.12,74.78,Male,9200.61
Panipat,Haryana,Medical,Rural,159.6,107.01,80.75,85.56,30.24,Female,51083.5
Nizamabad,Telangana,Medical,Rural,53.0,87.36,83.3,75.58,59.29,Male,32562.26
Mamit,Mizoram,Agriculture,Urban,59.1,60.45,77.87,76.75,66.34,Female,39272.89
Tiruvarur,Tamil Nadu,Medical,Rural,115.0,155.8,82.83,63.73,60.01,Female,50900.64
Jhansi,Uttar Pradesh,Food,Rural,67.6,48.59,79.38,67.64,64.14,Male,59151.04
Bishnupur,Manipur,Agriculture,Rural,124.0,80.95,77.77,92.21,61.31,Female,52675.67
Mairang,Meghalaya,Medical,Rural,18.6,70.37,99.53,72.13,62.18,Male,5000.0
Noklak,Nagaland,Agriculture,Urban,9.7,110.57,96.51,94.69,61.01,Female,35210.86
Shahpura,Rajasthan,Construction,Rural,88.0,91.92,84.05,87.23,48.99,Female,30198.9
Vizianagaram,Andhra Pradesh,Manufacturing,Rural,171.2,68.47,93.95,81.67,57.08,Female,44929.65
Dhanbad,Jharkhand,IT and Security,Rural,81.3,72.72,70.42,71.5,63.43,Male,42092.69
West Karbi Anglong,Assam,Agriculture,Urban,151.0,83.74,96.49,77.06,58.54,Male,29853.6
Longding,Arunachal Pradesh,Manufacturing,Urban,67.6,89.54,72.9,86.64,48.93,Male,22663.34
Bilaspur,Chhattisgarh,Construction,Urban,85.7,75.95,81.43,68.28,69.84,Male,39916.56
Bilaspur,Himachal Pradesh,Food,Rural,80.0,88.55,98.17,77.72,55.14,Female,70303.22
Satna,Madhya Pradesh,IT and Security,Rural,99.9,65.29,70.48,62.57,75.17,Male,26641.54
Ratnagiri,Maharashtra,LifeStyle,Rural,126.0,93.14,77.64,63.71,64.88,Female,44899.25
Chikkamagaluru,Karnataka,Medical,Urban,184.0,92.44,71.49,61.12,51.99,Female,41443.32
Sitapur,Uttar Pradesh,Agriculture,Rural,166.0,85.17,77.33,72.67,53.91,Male,14080.15
Vaishali,Bihar,Medical,Rural,132.1,94.23,80.61,72.94,43.68,Male,44736.11
Kangpokpi,Manipur,Agriculture,Urban,144.9,61.77,99.94,65.39,74.28,Female,28746.15
Namakkal,Tamil Nadu,Medical,Rural,188.8,79.6,96.37,81.56,75.28,Female,41795.8
Jind,Haryana,IT and Security,Rural,179.2,94.02,99.43,63.61,42.82,Male,68706.84
Osmanabad,Maharashtra,Manufacturing,Rural,6.1,74.82,80.97,79.1,63.15,Female,52414.03
Jaipur Rural,Rajasthan,Agriculture,Urban,93.4,38.21,73.11,69.21,42.01,Female,8932.65
Shahpura,Rajasthan,Construction,Rural,88.0,91.92,84.05,87.23,48.99,Female,46921.95
Ariyalur,Tamil Nadu,Manufacturing,Rural,77.9,79.49,94.76,72.23,42.09,Male,15674.1
Upper Siang,Arunachal Pradesh,IT and Security,Rural,172.6,89.96,97.95,94.69,38.88,Female,31828.93
Erode,Tamil Nadu,Food,Rural,151.3,85.0,84.84,71.31,46.74,Male,75084.91
Mysore,Karnataka,Services,Rural,77.9,95.88,85.73,73.04,62.87,Male,28537.39
Sant Kabir Nagar,Uttar Pradesh,Manufacturing,Rural,112.9,72.02,77.3,61.63,60.29,Male,25614.34
Kota,Rajasthan,IT and Security,Urban,111.0,85.62,92.77,64.85,47.42,Male,51489.24
Bhadohi,Uttar Pradesh,IT and Security,Urban,32.1,71.93,93.79,84.64,65.88,Female,29417.02
Bharuch,Gujarat,Construction,Rural,40.6,100.27,70.45,72.65,47.87,Female,24761.72
Rohtak,Haryana,Manufacturing,Urban,21.3,127.78,83.37,84.36,63.67,Male,55883.12
Chamarajanagar,Karnataka,LifeStyle,Rural,128.6,87.31,97.54,62.47,76.57,Female,12872.98
South Delhi,Delhi,LifeStyle,Rural,68.9,103.17,70.18,82.12,29.9,Male,36414.0
Latur,Maharashtra,Medical,Rural,171.2,54.66,89.95,63.22,25.88,Male,9590.69
Lakhimpur,Assam,Food,Rural,110.5,82.17,96.24,90.18,53.64,Female,52812.09
Kalaburagi,Karnataka,Construction,Rural,149.9,92.52,89.3,74.3,37.37,Female,45932.88
Kozhikode,Kerala,Food,Rural,13.9,50.08,88.31,71.5,31.26,Female,13418.29
East Singhbhum,Jharkhand,Construction,Rural,145.6,94.28,73.56,62.9,34.77,Male,67245.18
Rupnagar,Punjab,Services,Rural,170.1,68.42,87.13,63.31,33.45,Male,47809.71
Jamui,Bihar,Construction,Rural,36.9,68.99,80.15,64.88,46.85,Male,19557.78
Palnadu,Andhra Pradesh,IT and Security,Urban,143.6,72.97,78.37,82.07,49.19,Female,29070.98
Dang,Gujarat,Food,Urban,106.7,104.57,77.01,68.97,18.45,Male,41801.43
N T Rama Rao,Andhra Pradesh,Medical,Rural,116.3,88.14,77.14,66.12,45.06,Female,40954.07
Mancherial,Telangana,Food,Rural,187.9,70.51,99.35,90.29,67.34,Female,31827.96
Palghar,Maharashtra,IT and Security,Urban,26.3,67.35,82.75,66.42,43.61,Male,49553.09
Palwal,Haryana,Food,Rural,154.4,37.2,73.19,81.11,27.23,Female,32870.25
Khairthal Tijara,Rajasthan,IT and Security,Urban,10.4,87.02,91.78,89.01,77.58,Male,41533.27
Beawar,Rajasthan,Manufacturing,Rural,54.3,77.73,83.87,81.59,48.94,Male,37215.54
Madurai,Tamil Nadu,Manufacturing,Urban,87.9,85.66,71.44,76.27,53.88,Female,25876.46
Purulia,West Bengal,Manufacturing,Rural,82.3,89.62,94.51,83.42,39.4,Female,16938.03
Mandi,Himachal Pradesh,Construction,Urban,92.5,97.29,76.75,62.02,31.15,Male,9003.22
Krishna,Andhra Pradesh,Manufacturing,Urban,130.9,85.15,85.88,86.95,68.14,Male,34803.61
Balaghat,Madhya Pradesh,Agriculture,Rural,20.6,86.73,72.1,65.76,32.12,Female,13044.25
West Godavari,Andhra Pradesh,Manufacturing,Urban,193.5,80.3,92.22,80.21,76.73,Female,46317.27
Chennai,Tamil Nadu,Manufacturing,Rural,94.1,97.28,84.75,94.61,68.95,Female,28287.7
Neemuch,Madhya Pradesh,IT and Security,Urban,18.3,77.14,97.63,66.9,86.83,Male,61361.09
Patan,Gujarat,Food,Rural,134.2,75.21,84.17,73.51,39.89,Male,39496.73
South Garo Hills,Meghalaya,IT and Security,Rural,21.2,88.91,94.59,61.25,51.44,Male,43418.45
Biswanath,Assam,IT and Security,Rural,39.2,74.68,75.61,67.89,55.41,Male,46240.59
Damoh,Madhya Pradesh,Medical,Rural,69.0,110.45,83.0,87.74,55.15,Male,60652.3
Kutch,Gujarat,Agriculture,Urban,175.5,66.03,73.74,80.83,40.94,Female,37482.82
Madhepura,Bihar,IT and Security,Urban,146.8,64.68,81.32,77.95,58.2,Female,14547.99
Darrang,Assam,LifeStyle,Rural,8.8,113.46,83.98,70.38,44.84,Male,50977.87
Ukhrul,Manipur,Food,Urban,13.8,88.46,88.14,92.94,53.02,Male,60927.71
Agra,Uttar Pradesh,Manufacturing,Rural,187.4,88.75,93.55,70.68,71.53,Male,50066.77
Ratlam,Madhya Pradesh,Services,Urban,190.1,101.23,96.81,80.73,66.36,Male,29615.03
Aurangabad,Bihar,LifeStyle,Rural,132.4,50.83,92.39,83.64,52.42,Male,48359.23
Aurangabad,Maharashtra,Agriculture,Urban,139.4,103.46,87.66,88.1,60.42,Male,59216.88
Sonitpur,Assam,Food,Rural,47.9,104.73,81.4,93.8,22.86,Male,41556.98
Kalahandi,Odisha,Manufacturing,Urban,151.1,41.61,80.3,88.23,37.59,Female,25561.59
Gautam Buddha Nagar,Uttar Pradesh,LifeStyle,Rural,121.5,71.5,88.06,64.4,64.57,Female,43416.28
Kolasib,Mizoram,Medical,Urban,18.7,68.54,84.45,75.53,45.11,Male,36362.49
Ghaziabad,Uttar Pradesh,IT and Security,Rural,33.5,93.69,94.32,85.37,84.46,Female,51219.5
West Siang,Arunachal Pradesh,Medical,Urban,97.1,77.87,85.62,77.33,68.37,Male,51782.83
Firozabad,Uttar Pradesh,LifeStyle,Rural,99.6,66.44,73.86,66.28,55.32,Male,36177.42
Lepa Rada,Arunachal Pradesh,Construction,Urban,137.7,102.88,72.77,73.57,63.04,Male,35406.28
Mau,Uttar Pradesh,Manufacturing,Rural,112.0,81.23,75.06,60.68,58.82,Female,29692.37
Supaul,Bihar,IT and Security,Rural,74.3,97.11,93.5,83.56,35.78,Female,55868.72
Firozpur,Punjab,Food,Rural,172.8,98.62,97.71,75.59,65.97,Male,33328.64
Sindhudurg,Maharashtra,Construction,Rural,88.8,80.63,86.98,68.76,46.42,Male,50748.27
Panchmahal,Gujarat,Medical,Urban,19.8,86.37,95.2,85.61,73.73,Male,39498.69
Etawah,Uttar Pradesh,Food,Rural,188.9,56.75,78.26,84.2,45.83,Male,50280.65
Guna,Madhya Pradesh,Construction,Rural,55.4,78.02,82.88,72.97,42.79,Female,37069.93
Pathanamthitta,Kerala,Construction,Rural,177.4,93.93,94.35,74.36,48.45,Male,75327.57
Damoh,Madhya Pradesh,Medical,Rural,69.0,110.45,83.0,87.74,55.15,Female,45729.52
Kamle,Arunachal Pradesh,Manufacturing,Rural,49.5,41.72,72.95,74.39,44.94,Female,15807.43
Baloda Bazar,Chhattisgarh,LifeStyle,Rural,189.3,105.71,92.35,79.35,68.86,Male,28615.9
Kakinada,Andhra Pradesh,Services,Urban,5.7,98.81,75.49,68.49,56.16,Male,21793.24
Coimbatore,Tamil Nadu,Manufacturing,Rural,11.9,49.8,86.83,60.11,59.23,Female,45176.11
Mahabubabad,Telangana,Food,Rural,43.7,71.83,95.4,69.5,41.91,Female,39010.09
Amritsar,Punjab,LifeStyle,Rural,172.5,72.58,81.67,70.12,28.8,Male,5000.0
Hyderabad,Telangana,LifeStyle,Rural,72.9,79.79,86.53,92.05,30.51,Male,32715.5
Bijnor,Uttar Pradesh,Services,Urban,194.9,65.28,70.6,76.11,58.96,Female,42004.21
North 24 Parganas,West Bengal,Services,Rural,57.7,100.66,75.85,80.72,55.67,Female,54647.48
Dewas,Madhya Pradesh,Food,Urban,176.7,87.94,96.3,84.6,37.56,Male,68055.69
East Sikkim,Sikkim,Medical,Urban,82.7,134.61,71.53,82.75,54.38,Male,22813.93
Janjgir Champa,Chhattisgarh,Food,Urban,78.9,90.42,91.91,69.51,52.01,Male,16211.04
Bathinda,Punjab,Manufacturing,Urban,44.0,81.28,70.6,92.41,82.02,Male,14202.82
Lohit,Arunachal Pradesh,Services,Rural,107.2,64.57,91.88,72.78,27.75,Male,25416.34
Sirohi,Rajasthan,LifeStyle,Rural,123.3,78.53,87.45,61.54,10.86,Male,25898.05
Malappuram,Kerala,Medical,Rural,136.2,74.52,85.73,91.97,54.39,Female,22967.64
Medchal Malkajgiri,Telangana,Services,Rural,107.9,68.12,97.35,76.84,69.41,Male,16888.69
Ramgarh,Jharkhand,Manufacturing,Urban,45.5,65.22,71.49,67.88,23.01,Male,5000.0
Kanpur Dehat,Uttar Pradesh,Manufacturing,Urban,13.7,77.29,89.19,63.78,67.76,Female,41053.39
Saitual,Mizoram,LifeStyle,Rural,197.1,94.01,78.15,69.35,60.73,Male,38601.91
Hailakandi,Assam,Agriculture,Rural,5.8,66.96,78.64,75.64,47.42,Female,21111.27
Anjaw,Arunachal Pradesh,Agriculture,Rural,133.6,73.89,86.82,78.72,32.22,Female,36825.18
Sonbhadra,Uttar Pradesh,Manufacturing,Rural,98.3,72.25,87.76,78.94,37.14,Male,66748.75
Auraiya,Uttar Pradesh,Medical,Urban,112.8,71.52,95.55,88.66,36.0,Male,38421.99
Dhule,Maharashtra,IT and Security,Rural,32.1,68.24,80.82,91.23,45.48,Male,5000.0
Ahmedabad,Gujarat,Food,Rural,128.8,53.22,98.51,81.91,84.57,Female,22940.42
Rohtak,Haryana,Manufacturing,Urban,21.3,127.78,83.37,84.36,63.67,Male,46397.9
East Champaran,Bihar,LifeStyle,Urban,147.9,82.66,72.53,88.29,43.96,Female,47902.8
Hapur,Uttar Pradesh,Services,Urban,164.4,83.89,71.09,86.67,34.38,Male,40014.49
Mahbubnagar,Telangana,Manufacturing,Rural,101.5,77.37,85.54,77.67,60.87,Female,5000.0
Neemuch,Madhya Pradesh,IT and Security,Urban,18.3,77.14,97.63,66.9,86.83,Male,45066.06
Una,Himachal Pradesh,Construction,Urban,40.7,63.5,70.76,85.44,37.26,Male,9159.86
Bahraich,Uttar Pradesh,Manufacturing,Rural,13.7,82.77,72.49,74.97,51.31,Male,82765.35
Jaunpur,Uttar Pradesh,Manufacturing,Rural,14.0,112.07,91.13,66.05,78.62,Male,64053.66
Khordha,Odisha,Services,Urban,66.2,71.5,73.23,68.02,59.19,Male,54585.01
Nayagarh,Odisha,Construction,Rural,46.8,60.74,80.89,78.9,42.99,Male,32005.45
Adilabad,Telangana,Agriculture,Urban,72.3,59.21,93.55,84.64,44.77,Female,25813.15
Katni,Madhya Pradesh,Services,Rural,139.6,79.6,82.44,94.07,56.24,Male,35533.17
Dehradun,Uttarakhand,Services,Urban,125.8,68.29,87.39,93.99,58.05,Male,28621.46
Dhar,Madhya Pradesh,Manufacturing,Rural,16.1,67.85,70.02,75.26,49.51,Female,5309.75
Gurdaspur,Punjab,IT and Security,Rural,64.8,76.28,89.34,66.89,61.95,Male,53526.05
Kathua,Jammu Kashmir,Food,Rural,178.2,59.73,84.44,94.09,73.9,Female,17331.55
Sindhudurg,Maharashtra,Construction,Rural,88.8,80.63,86.98,68.76,46.42,Female,43805.24
Nagapattinam,Tamil Nadu,Agriculture,Rural,53.0,68.68,85.36,61.55,65.21,Male,37425.4
Kalimpong,West Bengal,Food,Urban,144.3,71.0,94.29,63.59,48.36,Female,11459.27
Bikaner,Rajasthan,Food,Rural,68.3,46.99,79.87,91.03,53.11,Female,39497.75
Belgaum,Karnataka,LifeStyle,Rural,7.2,42.58,96.54,61.98,47.7,Male,30138.58
Vikarabad,Telangana,Food,Rural,130.1,100.18,76.26,60.51,33.49,Female,32389.27
Noklak,Nagaland,Agriculture,Urban,9.7,110.57,96.51,94.69,61.01,Male,29319.74
Sawai Madhopur,Rajasthan,IT and Security,Rural,31.7,91.61,88.42,94.25,56.16,Female,42358.94
Lunglei,Mizoram,Services,Rural,128.3,101.66,70.15,83.97,49.1,Male,45610.21
Kakinada,Andhra Pradesh,Services,Urban,5.7,98.81,75.49,68.49,56.16,Male,48401.68
Balod,Chhattisgarh,IT and Security,Urban,108.4,71.73,96.79,77.44,55.61,Male,44088.42
Mumbai City,Maharashtra,Food,Rural,40.6,77.22,70.87,64.6,53.7,Male,35342.04
Siddipet,Telangana,Medical,Urban,100.0,67.64,76.1,89.05,35.03,Female,24643.4
Gorakhpur,Uttar Pradesh,LifeStyle,Rural,83.9,107.98,83.82,76.6,58.42,Female,54896.37
Nagarkurnool,Telangana,Agriculture,Urban,102.7,59.65,71.71,71.76,47.32,Male,44997.92
Guna,Madhya Pradesh,Construction,Rural,55.4,78.02,82.88,72.97,42.79,Female,34930.35
Kinnaur,Himachal Pradesh,Construction,Rural,91.7,116.22,78.49,70.59,66.86,Female,34656.47
Mandya,Karnataka,Food,Rural,182.3,83.49,72.25,64.32,38.98,Female,48333.61
Adilabad,Telangana,Agriculture,Urban,72.3,59.21,93.55,84.64,44.77,Male,19861.64
Sri Ganganagar,Rajasthan,Construction,Urban,17.8,68.74,75.3,69.7,56.79,Male,35972.28
Gonda,Uttar Pradesh,Construction,Rural,182.0,113.76,97.88,75.93,46.66,Female,59847.23
Nirmal,Telangana,IT and Security,Urban,180.8,92.07,76.67,85.61,55.71,Female,46704.4
East Garo Hills,Meghalaya,Food,Urban,195.1,75.95,83.78,78.14,82.16,Female,23623.84
Jaipur Rural,Rajasthan,Agriculture,Urban,93.4,38.21,73.11,69.21,42.01,Female,35944.36
East Garo Hills,Meghalaya,Food,Urban,195.1,75.95,83.78,78.14,82.16,Female,16700.26
Gorakhpur,Uttar Pradesh,LifeStyle,Rural,83.9,107.98,83.82,76.6,58.42,Female,30624.69
Sivaganga,Tamil Nadu,Agriculture,Rural,58.6,64.82,97.53,74.05,85.12,Male,30362.44
Ambedkar Nagar,Uttar Pradesh,Services,Rural,138.3,51.67,94.85,90.64,78.69,Male,43415.24
Ratnagiri,Maharashtra,LifeStyle,Rural,126.0,93.14,77.64,63.71,64.88,Male,43503.68
Yamunanagar,Haryana,IT and Security,Rural,74.7,72.22,85.4,93.23,73.4,Female,45903.36
Angul,Odisha,Food,Rural,125.2,72.69,94.23,75.68,56.3,Female,39138.02
Chamba,Himachal Pradesh,Manufacturing,Rural,57.1,75.74,91.52,66.71,46.06,Female,25566.92
Bahraich,Uttar Pradesh,Manufacturing,Rural,13.7,82.77,72.49,74.97,51.31,Male,26051.09
Banaskantha,Gujarat,Construction,Rural,197.6,89.73,74.82,75.42,48.49,Male,18459.75
Bulandshahr,Uttar Pradesh,Food,Urban,164.3,72.9,74.45,67.65,28.76,Male,42273.69
Ayodhya,Uttar Pradesh,Services,Urban,160.9,115.72,96.2,76.64,64.67,Female,43208.54
Faridkot,Punjab,Services,Rural,168.6,108.54,98.89,93.04,49.63,Male,42257.34
Longleng,Nagaland,Manufacturing,Urban,18.2,100.05,82.99,93.22,45.74,Male,53847.87
Solapur,Maharashtra,Services,Rural,118.2,43.48,74.75,77.63,48.47,Male,22341.52
Amreli,Gujarat,Food,Rural,61.8,92.56,92.47,63.19,55.2,Female,43066.85
Karimganj,Assam,Manufacturing,Rural,167.5,121.3,81.84,76.14,62.01,Female,60017.6
Viluppuram,Tamil Nadu,IT and Security,Rural,107.4,93.7,98.93,63.32,18.68,Female,46628.95
Kolhapur,Maharashtra,Agriculture,Urban,39.9,75.51,95.79,68.67,48.79,Female,54075.6
Dang,Gujarat,Food,Urban,106.7,104.57,77.01,68.97,18.45,Female,44614.14
Jalgaon,Maharashtra,LifeStyle,Urban,109.6,62.86,98.97,73.77,50.17,Male,18908.98
Adilabad,Telangana,Agriculture,Urban,72.3,59.21,93.55,84.64,44.77,Female,25892.03
Budgam,Jammu Kashmir,Food,Rural,82.9,54.7,77.41,61.58,53.98,Male,47025.68
Tumkur,Karnataka,Construction,Rural,87.0,71.68,78.13,64.73,52.91,Female,49888.08
West Tripura,Tripura,IT and Security,Rural,88.9,41.91,80.07,67.66,67.32,Male,6745.36
Madhubani,Bihar,Manufacturing,Rural,123.0,64.17,86.18,80.54,26.05,Female,5000.0
Ambala,Haryana,Construction,Rural,124.4,60.49,71.31,70.21,66.29,Female,40017.64
Udham Singh Nagar,Uttarakhand,LifeStyle,Rural,77.9,62.21,76.19,84.33,34.16,Male,22678.03
Bilaspur,Chhattisgarh,Construction,Urban,85.7,75.95,81.43,68.28,69.84,Female,5000.0
Bilaspur,Himachal Pradesh,Food,Rural,80.0,88.55,98.17,77.72,55.14,Male,17025.42
Pudukkottai,Tamil Nadu,Services,Rural,113.5,117.3,97.17,71.09,45.89,Female,43106.31
Unakoti,Tripura,LifeStyle,Rural,158.6,99.82,72.08,63.96,48.18,Male,36021.51
Kinnaur,Himachal Pradesh,Construction,Rural,91.7,116.22,78.49,70.59,66.86,Male,70924.89
Nuapada,Odisha,Medical,Rural,164.0,97.03,71.79,73.29,37.31,Female,34535.28
Dindori,Madhya Pradesh,Manufacturing,Urban,86.8,90.99,84.48,82.15,61.06,Female,31899.6
Mauganj,Madhya Pradesh,Services,Rural,105.2,54.08,81.27,90.72,30.62,Male,9782.16
Kokrajhar,Assam,Medical,Urban,93.5,93.52,72.12,80.4,42.81,Male,34418.03
Lohardaga,Jharkhand,LifeStyle,Urban,18.8,72.33,77.69,72.55,64.92,Male,39747.44
Fatehabad,Haryana,Food,Rural,76.4,78.0,92.28,61.54,51.58,Male,20701.31
Darbhanga,Bihar,Construction,Rural,122.5,87.18,83.35,73.51,47.75,Male,5000.0
Nagpur,Maharashtra,Food,Rural,153.3,83.94,98.56,84.76,52.76,Male,49002.52
Deoria,Uttar Pradesh,LifeStyle,Rural,100.5,54.69,74.58,93.96,39.96,Female,30254.1
Surajpur,Chhattisgarh,Construction,Urban,184.3,98.57,93.45,88.89,64.02,Male,34691.99
Bokaro,Jharkhand,Services,Rural,196.7,92.15,99.08,81.84,30.16,Male,51745.94
Ambala,Haryana,Construction,Rural,124.4,60.49,71.31,70.21,66.29,Male,21745.81
Charaideo,Assam,Medical,Rural,124.8,123.17,99.67,81.97,70.5,Female,56362.59
Washim,Maharashtra,LifeStyle,Urban,66.6,40.96,72.16,69.44,64.16,Male,44610.01
South East Delhi,Delhi,IT and Security,Urban,144.7,100.53,77.3,93.07,79.67,Female,43987.49
Kadapa,Andhra Pradesh,Food,Rural,50.9,93.87,87.59,75.62,35.3,Male,36632.53
Auraiya,Uttar Pradesh,Medical,Urban,112.8,71.52,95.55,88.66,36.0,Male,5000.0
Thane,Maharashtra,Food,Urban,79.3,52.98,81.88,86.05,36.47,Male,17893.28
Ambala,Haryana,Construction,Rural,124.4,60.49,71.31,70.21,66.29,Female,27402.91
Alappuzha,Kerala,Medical,Rural,46.5,87.23,82.1,86.09,28.81,Female,40442.92
South East Delhi,Delhi,IT and Security,Urban,144.7,100.53,77.3,93.07,79.67,Male,44754.66
Kurukshetra,Haryana,Manufacturing,Urban,186.0,66.38,77.89,83.43,71.59,Male,61005.97
Dahod,Gujarat,Manufacturing,Rural,147.2,45.72,98.95,76.7,75.5,Male,27822.44
Raebareli,Uttar Pradesh,Services,Urban,52.2,104.44,70.45,69.18,64.76,Female,44444.69
Varanasi,Uttar Pradesh,IT and Security,Rural,185.9,82.19,81.03,80.23,43.82,Male,62502.6
Sivaganga,Tamil Nadu,Agriculture,Rural,58.6,64.82,97.53,74.05,85.12,Male,54915.83
Ratnagiri,Maharashtra,LifeStyle,Rural,126.0,93.14,77.64,63.71,64.88,Male,59099.67
West Karbi Anglong,Assam,Agriculture,Urban,151.0,83.74,96.49,77.06,58.54,Male,22512.98
Akola,Maharashtra,LifeStyle,Rural,198.5,69.77,70.85,89.17,41.04,Female,24392.99
Pauri,Uttarakhand,IT and Security,Rural,78.2,28.89,96.39,81.13,80.26,Female,29159.1
Uttara Kannada,Karnataka,Services,Rural,127.7,57.34,77.12,92.63,80.13,Female,33754.57
East Jaintia Hills,Meghalaya,Construction,Urban,20.7,92.12,94.42,88.53,58.3,Male,42528.32
East Delhi,Delhi,Food,Urban,111.4,93.78,79.9,80.5,34.81,Female,52157.09
North Sikkim,Sikkim,Services,Urban,77.8,85.16,94.79,83.1,49.43,Male,15492.31
Tirunelveli,Tamil Nadu,LifeStyle,Rural,101.5,98.71,75.97,86.28,60.65,Male,38759.09
Ramban,Jammu Kashmir,Agriculture,Rural,166.1,116.11,84.73,72.06,35.65,Male,5107.4
Morbi,Gujarat,Medical,Rural,149.3,70.07,99.69,73.27,54.02,Male,48101.74
Kadapa,Andhra Pradesh,Food,Rural,50.9,93.87,87.59,75.62,35.3,Female,46377.17
West Delhi,Delhi,Agriculture,Rural,194.7,97.55,91.1,76.22,68.13,Female,58719.38
Haridwar,Uttarakhand,Services,Rural,139.9,77.66,89.07,76.66,59.41,Female,27068.87
Kangpokpi,Manipur,Agriculture,Urban,144.9,61.77,99.94,65.39,74.28,Male,28409.9
Botad,Gujarat,Construction,Urban,32.1,96.69,80.27,88.9,34.08,Female,40052.73
Charaideo,Assam,Medical,Rural,124.8,123.17,99.67,81.97,70.5,Female,62858.74
Yadgir,Karnataka,Services,Rural,156.6,63.43,99.92,63.43,52.54,Male,62404.13
Howrah,West Bengal,Medical,Urban,99.5,35.23,92.6,68.69,68.86,Male,35160.57
Lower Subansiri,Arunachal Pradesh,IT and Security,Rural,126.6,82.48,86.81,66.23,30.12,Male,43920.74
Fatehgarh Sahib,Punjab,Agriculture,Urban,30.5,78.74,82.47,63.03,48.91,Female,38201.11
Chikkaballapur,Karnataka,Construction,Rural,129.4,72.51,99.91,61.48,48.49,Male,10524.62
Palghar,Maharashtra,IT and Security,Urban,26.3,67.35,82.75,66.42,43.61,Male,25155.51
Sitapur,Uttar Pradesh,Agriculture,Rural,166.0,85.17,77.33,72.67,53.91,Female,41674.78
Sindhudurg,Maharashtra,Construction,Rural,88.8,80.63,86.98,68.76,46.42,Female,43919.86
South Goa,Goa,Agriculture,Rural,182.6,73.79,96.76,80.41,37.26,Female,48261.99
Hanamkonda,Telangana,IT and Security,Urban,89.0,98.02,82.96,71.97,52.87,Male,28162.61
Rajouri,Jammu Kashmir,Services,Rural,101.2,78.45,97.37,86.01,72.34,Male,35847.59
Ramanathapuram,Tamil Nadu,Food,Rural,121.8,107.64,97.76,87.84,73.13,Male,27960.59
Doda,Jammu Kashmir,Services,Urban,94.3,70.84,91.24,67.99,51.57,Female,35200.4
Keyi Panyor,Arunachal Pradesh,Manufacturing,Rural,107.6,75.79,75.22,60.53,41.62,Female,34715.93
Davanagere,Karnataka,Services,Rural,89.3,93.21,87.58,91.07,44.46,Female,53901.57
East Sikkim,Sikkim,Medical,Urban,82.7,134.61,71.53,82.75,54.38,Female,22024.02
East Singhbhum,Jharkhand,Construction,Rural,145.6,94.28,73.56,62.9,34.77,Female,43238.81
Sirmaur,Himachal Pradesh,Services,Urban,159.1,77.7,92.13,68.51,38.27,Male,27417.56
North West Delhi,Delhi,Construction,Urban,58.8,90.13,71.4,80.74,28.34,Male,30528.55
Hazaribagh,Jharkhand,Manufacturing,Rural,37.1,95.63,91.98,73.97,45.68,Female,38781.54
Siddipet,Telangana,Medical,Urban,100.0,67.64,76.1,89.05,35.03,Female,34711.78
Palghar,Maharashtra,IT and Security,Urban,26.3,67.35,82.75,66.42,43.61,Male,32156.61
Haridwar,Uttarakhand,Services,Rural,139.9,77.66,89.07,76.66,59.41,Female,47879.16
Bastar,Chhattisgarh,Food,Rural,127.7,51.39,96.1,68.27,44.46,Female,37102.64
South Delhi,Delhi,LifeStyle,Rural,68.9,103.17,70.18,82.12,29.9,Female,47410.89
Rampur,Uttar Pradesh,Agriculture,Urban,57.3,60.92,81.25,93.61,52.85,Female,44622.86
Thrissur,Kerala,IT and Security,Rural,194.7,34.0,82.33,76.12,44.02,Male,5000.0
Mahendragarh,Haryana,IT and Security,Rural,55.3,90.7,74.5,68.08,34.84,Male,57862.23
Pratapgarh,Rajasthan,IT and Security,Rural,50.2,127.43,76.65,89.92,65.45,Male,51444.75
Pratapgarh,Uttar Pradesh,Manufacturing,Rural,194.6,70.24,72.12,84.36,38.77,Male,31491.54
Shimla,Himachal Pradesh,Manufacturing,Rural,154.4,28.18,99.93,90.6,42.72,Female,5000.0
Kiphire,Nagaland,IT and Security,Rural,101.0,111.59,82.61,85.92,31.24,Male,34426.9
Golaghat,Assam,Food,Rural,199.5,84.28,70.04,88.39,90.69,Female,39666.98
Sindhudurg,Maharashtra,Construction,Rural,88.8,80.63,86.98,68.76,46.42,Female,42103.71
Seraikela Kharsawan,Jharkhand,IT and Security,Rural,162.0,92.85,83.02,83.77,57.96,Female,65598.72
Karimganj,Assam,Manufacturing,Rural,167.5,121.3,81.84,76.14,62.01,Female,32061.37
North Garo Hills,Meghalaya,Food,Rural,35.9,87.52,91.87,85.17,39.35,Male,33223.2
Raebareli,Uttar Pradesh,Services,Urban,52.2,104.44,70.45,69.18,64.76,Male,35884.58
Panchkula,Haryana,Medical,Rural,119.7,61.48,73.91,80.37,79.66,Male,41968.63
Indore,Madhya Pradesh,Agriculture,Urban,186.9,90.74,84.54,73.61,64.86,Female,45483.92
Coimbatore,Tamil Nadu,Manufacturing,Rural,11.9,49.8,86.83,60.11,59.23,Male,25479.61
Karimnagar,Telangana,LifeStyle,Urban,68.4,71.63,72.26,87.64,63.73,Female,24716.22
Akola,Maharashtra,LifeStyle,Rural,198.5,69.77,70.85,89.17,41.04,Female,32604.96
Phek,Nagaland,Manufacturing,Rural,141.1,104.73,84.3,94.5,49.26,Female,42141.93
Morbi,Gujarat,Medical,Rural,149.3,70.07,99.69,73.27,54.02,Female,47090.11
Dhamtari,Chhattisgarh,Agriculture,Rural,21.7,81.35,79.43,70.37,41.29,Female,18123.08
Nuapada,Odisha,Medical,Rural,164.0,97.03,71.79,73.29,37.31,Female,57650.84
Deoghar,Jharkhand,Services,Rural,144.3,79.56,71.69,87.97,59.3,Female,20042.4
Lower Dibang Valley,Arunachal Pradesh,Services,Rural,149.0,95.39,70.45,72.98,42.89,Female,51083.94
Banda,Uttar Pradesh,Medical,Rural,189.1,100.15,95.16,82.85,69.38,Male,43923.17
Medak,Telangana,Manufacturing,Rural,170.8,117.37,70.61,90.24,62.23,Male,49987.83
Bidar,Karnataka,Medical,Rural,111.8,93.13,77.49,78.96,53.94,Male,69288.81
Moga,Punjab,Manufacturing,Urban,43.0,98.77,78.28,64.92,73.91,Male,42922.08
Sitamarhi,Bihar,Manufacturing,Urban,125.8,81.8,80.14,62.79,63.06,Female,19232.95
Jaipur Rural,Rajasthan,Agriculture,Urban,93.4,38.21,73.11,69.21,42.01,Male,19450.45
Patan,Gujarat,Food,Rural,134.2,75.21,84.17,73.51,39.89,Male,22816.99
Ayodhya,Uttar Pradesh,Services,Urban,160.9,115.72,96.2,76.64,64.67,Male,53398.0
Visakhapatnam,Andhra Pradesh,IT and Security,Rural,71.6,112.81,82.63,72.51,61.38,Female,36048.16
Fatehgarh Sahib,Punjab,Agriculture,Urban,30.5,78.74,82.47,63.03,48.91,Male,18390.37
Saitual,Mizoram,LifeStyle,Rural,197.1,94.01,78.15,69.35,60.73,Female,64614.67
Hnahthial,Mizoram,Services,Urban,173.8,51.78,90.73,62.19,57.75,Female,29637.81
Satara,Maharashtra,Services,Urban,151.3,77.12,77.62,80.63,58.6,Female,43650.24
Pune,Maharashtra,Medical,Rural,29.7,81.87,80.05,94.85,69.73,Male,15754.73
Basti,Uttar Pradesh,IT and Security,Urban,198.3,79.42,89.4,60.46,27.13,Male,77455.21
Balasore,Odisha,Services,Rural,87.6,122.18,82.34,60.99,55.25,Male,52098.2
Cooch Behar,West Bengal,IT and Security,Rural,101.5,62.74,84.12,85.79,15.35,Male,29875.7
Tseminyu,Nagaland,Medical,Rural,196.4,55.51,70.61,86.95,26.94,Female,19926.59
Cuddalore,Tamil Nadu,IT and Security,Rural,32.9,77.46,98.26,91.12,45.36,Female,43860.16
Mehsana,Gujarat,Food,Urban,55.7,94.66,95.1,65.64,45.35,Female,21254.66
Serchhip,Mizoram,Construction,Urban,151.3,80.45,92.03,77.12,37.15,Male,33037.82
Adilabad,Telangana,Agriculture,Urban,72.3,59.21,93.55,84.64,44.77,Female,16982.93
Baghpat,Uttar Pradesh,Construction,Rural,112.6,57.96,75.0,65.96,56.86,Male,46499.28
Anantnag,Jammu Kashmir,Medical,Rural,71.0,82.61,94.03,78.93,75.45,Female,21367.07
Sakti,Chhattisgarh,Construction,Urban,73.7,76.34,97.23,76.33,43.07,Male,50730.78
Kanpur Nagar,Uttar Pradesh,Services,Urban,185.3,58.97,88.75,83.57,81.06,Female,58460.38
Imphal East,Manipur,Agriculture,Rural,135.8,85.65,74.6,69.93,61.67,Male,27670.87
Kasganj,Uttar Pradesh,Medical,Urban,129.4,85.67,74.97,84.99,32.95,Male,5000.0
Sant Kabir Nagar,Uttar Pradesh,Manufacturing,Rural,112.9,72.02,77.3,61.63,60.29,Male,27019.41
Kanpur Dehat,Uttar Pradesh,Manufacturing,Urban,13.7,77.29,89.19,63.78,67.76,Female,37440.39
Navsari,Gujarat,Agriculture,Urban,133.6,95.27,94.46,68.28,42.64,Male,47754.83
Varanasi,Uttar Pradesh,IT and Security,Rural,185.9,82.19,81.03,80.23,43.82,Male,40591.58
Kozhikode,Kerala,Food,Rural,13.9,50.08,88.31,71.5,31.26,Female,17750.44
Gangapur City,Rajasthan,Services,Urban,79.9,81.69,96.09,74.55,43.57,Female,18176.31
West Godavari,Andhra Pradesh,Manufacturing,Urban,193.5,80.3,92.22,80.21,76.73,Male,44297.8
Longding,Arunachal Pradesh,Manufacturing,Urban,67.6,89.54,72.9,86.64,48.93,Female,52757.26
Kaushambi,Uttar Pradesh,IT and Security,Rural,88.9,106.0,80.89,66.05,52.48,Female,44753.58
Amritsar,Punjab,LifeStyle,Rural,172.5,72.58,81.67,70.12,28.8,Male,35435.2
Gumla,Jharkhand,IT and Security,Rural,72.1,83.08,83.02,82.75,52.06,Male,32150.85
Vizianagaram,Andhra Pradesh,Manufacturing,Rural,171.2,68.47,93.95,81.67,57.08,Female,24157.39
Mon,Nagaland,Agriculture,Rural,165.7,73.53,98.13,67.07,63.22,Female,21442.41
Bijnor,Uttar Pradesh,Services,Urban,194.9,65.28,70.6,76.11,58.96,Male,43333.4
Sheopur,Madhya Pradesh,LifeStyle,Urban,98.4,100.88,89.78,70.74,51.1,Male,58561.75
Fatehpur,Uttar Pradesh,Agriculture,Rural,103.0,84.33,89.25,66.34,47.49,Male,44325.47
Junagadh,Gujarat,Medical,Rural,11.6,83.16,71.84,87.89,53.33,Male,40518.29
Mahbubnagar,Telangana,Manufacturing,Rural,101.5,77.37,85.54,77.67,60.87,Male,65232.43
Banda,Uttar Pradesh,Medical,Rural,189.1,100.15,95.16,82.85,69.38,Male,60243.18
Koderma,Jharkhand,Manufacturing,Rural,178.3,72.78,75.44,70.03,12.86,Female,44466.93
Malkangiri,Odisha,Services,Urban,184.4,90.45,82.7,82.86,72.41,Female,28433.21
Bongaigaon,Assam,IT and Security,Rural,150.6,84.06,83.78,81.62,77.51,Male,67327.78
Paschim Medinipur,West Bengal,Construction,Rural,198.7,66.46,88.93,89.44,64.51,Male,8373.85
West Khasi Hills,Meghalaya,Food,Rural,173.3,94.36,79.06,89.91,50.02,Male,17301.64
Chikkaballapur,Karnataka,Construction,Rural,129.4,72.51,99.91,61.48,48.49,Male,11795.73
Korba,Chhattisgarh,Food,Rural,189.6,92.89,97.08,80.86,69.99,Male,25506.61
Kottayam,Kerala,IT and Security,Urban,179.6,63.45,93.53,61.63,48.57,Male,19948.22
Papum Pare,Arunachal Pradesh,Medical,Rural,199.1,73.45,71.42,74.07,56.07,Female,25144.75
Ajmer,Rajasthan,Medical,Rural,24.1,68.66,80.78,90.46,44.7,Female,33685.43
Kakinada,Andhra Pradesh,Services,Urban,5.7,98.81,75.49,68.49,56.16,Male,56168.2
Maharajganj,Uttar Pradesh,Medical,Rural,179.5,51.2,88.33,90.42,67.08,Male,46757.64
Biswanath,Assam,IT and Security,Rural,39.2,74.68,75.61,67.89,55.41,Female,26435.35
Ratlam,Madhya Pradesh,Services,Urban,190.1,101.23,96.81,80.73,66.36,Female,40697.5
Balrampur,Chhattisgarh,Construction,Rural,99.1,99.48,90.43,83.16,49.09,Female,27163.28
Balrampur,Uttar Pradesh,Food,Urban,17.7,52.49,89.84,60.61,87.99,Female,33138.28
Tonk,Rajasthan,Medical,Urban,104.2,78.91,91.41,67.7,61.89,Female,32775.89
Coimbatore,Tamil Nadu,Manufacturing,Rural,11.9,49.8,86.83,60.11,59.23,Male,54233.61
Tiruppur,Tamil Nadu,Construction,Urban,189.4,50.13,70.19,61.13,38.6,Female,34596.74
Bharatpur,Rajasthan,Agriculture,Urban,31.1,79.87,74.39,81.56,47.69,Female,20496.56
Udhampur,Jammu Kashmir,Construction,Rural,108.7,75.79,74.8,62.72,40.44,Female,18224.26
Bathinda,Punjab,Manufacturing,Urban,44.0,81.28,70.6,92.41,82.02,Male,49759.9
Sheohar,Bihar,Medical,Urban,102.9,66.79,99.75,86.74,64.39,Male,21638.37
Salem,Tamil Nadu,LifeStyle,Urban,153.5,63.29,73.82,79.85,48.49,Male,29084.91
Dholpur,Rajasthan,Construction,Rural,124.1,72.25,84.65,92.83,56.5,Female,41066.04
New Delhi,Delhi,Construction,Rural,161.2,102.32,88.8,92.32,28.91,Female,29786.4
Tumkur,Karnataka,Construction,Rural,87.0,71.68,78.13,64.73,52.91,Female,30509.09
Jodhpur Rural,Rajasthan,Manufacturing,Rural,36.1,59.87,83.74,70.61,49.92,Male,17718.52
Shajapur,Madhya Pradesh,Services,Urban,61.2,36.47,82.31,69.86,52.4,Male,19121.2
Dibrugarh,Assam,Medical,Rural,76.3,86.03,80.14,65.24,62.58,Male,42229.06
Gariaband,Chhattisgarh,Construction,Urban,53.4,60.8,87.36,80.34,79.3,Female,27625.73
Panipat,Haryana,Medical,Rural,159.6,107.01,80.75,85.56,30.24,Male,55720.33
Paschim Medinipur,West Bengal,Construction,Rural,198.7,66.46,88.93,89.44,64.51,Female,11964.68
Seoni,Madhya Pradesh,Construction,Rural,162.5,125.99,93.95,70.82,39.01,Female,60446.02
Baramulla,Jammu Kashmir,IT and Security,Rural,44.2,78.35,87.7,94.48,59.8,Male,46243.74
Sri Satya Sai,Andhra Pradesh,Food,Rural,18.1,76.2,71.51,71.36,56.13,Male,42502.19
Katihar,Bihar,Construction,Rural,175.8,52.44,95.05,80.44,56.12,Female,19552.08
North Goa,Goa,Construction,Rural,139.4,79.72,95.07,73.88,56.39,Female,5000.0
Dudu,Rajasthan,LifeStyle,Rural,147.7,81.91,93.17,91.75,47.02,Male,28246.58
Sultanpur,Uttar Pradesh,Agriculture,Urban,51.7,45.42,89.52,69.07,41.62,Male,27069.51
Cuddalore,Tamil Nadu,IT and Security,Rural,32.9,77.46,98.26,91.12,45.36,Female,45003.82
Bikaner,Rajasthan,Food,Rural,68.3,46.99,79.87,91.03,53.11,Female,34083.88
Sangrur,Punjab,Medical,Rural,184.7,95.41,96.15,72.37,62.16,Male,35176.42
Vizianagaram,Andhra Pradesh,Manufacturing,Rural,171.2,68.47,93.95,81.67,57.08,Male,33470.54
Burhanpur,Madhya Pradesh,LifeStyle,Urban,67.7,75.18,96.91,61.14,59.75,Male,63110.78
Pithoragarh,Uttarakhand,Construction,Rural,33.7,99.7,91.08,64.38,57.35,Female,47156.09
Churachandpur,Manipur,Medical,Urban,144.1,97.95,75.23,71.73,48.68,Female,46351.93
Kolar,Karnataka,Agriculture,Rural,97.4,91.16,77.38,90.88,68.0,Male,40720.14
Ahmedabad,Gujarat,Food,Rural,128.8,53.22,98.51,81.91,84.57,Female,25297.47
Kurnool,Andhra Pradesh,Agriculture,Urban,95.2,47.55,88.07,60.38,47.24,Male,5000.0
Vaishali,Bihar,Medical,Rural,132.1,94.23,80.61,72.94,43.68,Female,40681.53
Jharsuguda,Odisha,Agriculture,Rural,55.0,86.92,86.87,74.13,35.56,Female,42649.43
Nalgonda,Telangana,Construction,Urban,38.6,122.16,86.94,82.5,20.61,Male,35517.44
Ganderbal,Jammu Kashmir,Agriculture,Urban,125.6,73.21,86.49,73.06,54.87,Male,58841.76
Wayanad,Kerala,LifeStyle,Rural,156.8,108.69,74.1,74.22,44.45,Male,59731.8
Jajpur,Odisha,Medical,Urban,122.6,59.13,80.84,68.98,24.44,Male,28980.06
Cuttack,Odisha,Medical,Rural,172.9,98.35,93.26,74.22,69.63,Male,31660.63
Sangli,Maharashtra,Construction,Urban,66.2,73.01,75.38,84.47,70.52,Male,48478.91
Vizianagaram,Andhra Pradesh,Manufacturing,Rural,171.2,68.47,93.95,81.67,57.08,Female,35243.1
Begusarai,Bihar,IT and Security,Rural,125.3,74.03,88.13,81.81,34.89,Female,21573.44
Chittorgarh,Rajasthan,Manufacturing,Urban,120.8,115.25,95.3,90.54,65.85,Female,60550.01
Shimla,Himachal Pradesh,Manufacturing,Rural,154.4,28.18,99.93,90.6,42.72,Female,6621.68
Chamba,Himachal Pradesh,Manufacturing,Rural,57.1,75.74,91.52,66.71,46.06,Female,17615.98
Panna,Madhya Pradesh,Construction,Rural,143.2,93.02,73.29,67.39,55.67,Female,5000.0
Gangapur City,Rajasthan,Services,Urban,79.9,81.69,96.09,74.55,43.57,Male,15694.16
Varanasi,Uttar Pradesh,IT and Security,Rural,185.9,82.19,81.03,80.23,43.82,Male,51768.24
Mandsaur,Madhya Pradesh,Medical,Urban,139.2,122.54,97.67,91.83,97.6,Female,64202.57
Nagarkurnool,Telangana,Agriculture,Urban,102.7,59.65,71.71,71.76,47.32,Female,26707.74
Bhandara,Maharashtra,LifeStyle,Urban,69.8,64.8,99.55,93.08,45.44,Male,39446.98
Diu,Dadra Nagar Haveli and Daman and Diu,Services,Urban,104.7,87.29,94.56,76.35,31.32,Female,27341.85
Parbhani,Maharashtra,Manufacturing,Rural,194.7,73.92,75.76,85.29,73.99,Female,28140.77
Rudraprayag,Uttarakhand,Manufacturing,Rural,99.2,68.62,96.59,93.21,37.23,Male,24704.87
Kekri,Rajasthan,Construction,Rural,127.0,90.0,96.63,69.47,68.79,Female,43707.01
Hamirpur,Himachal Pradesh,Food,Rural,175.7,115.08,80.57,78.51,42.04,Female,37350.68
Hamirpur,Uttar Pradesh,Construction,Rural,152.4,75.91,75.63,74.77,36.69,Female,30308.31
Deeg,Rajasthan,Construction,Urban,52.7,70.0,90.68,84.08,24.24,Male,29523.01
Theni,Tamil Nadu,Agriculture,Urban,63.9,69.65,97.19,66.97,61.01,Male,48997.77
Saitual,Mizoram,LifeStyle,Rural,197.1,94.01,78.15,69.35,60.73,Male,45091.47
Maharajganj,Uttar Pradesh,Medical,Rural,179.5,51.2,88.33,90.42,67.08,Female,15722.62
Tapi,Gujarat,Construction,Urban,177.6,41.51,86.41,72.34,52.93,Female,33811.24
Purba Bardhaman,West Bengal,Manufacturing,Urban,188.8,108.63,75.08,87.46,58.4,Male,37828.28
Chhatarpur,Madhya Pradesh,Medical,Urban,7.4,126.04,80.68,79.28,69.93,Female,23285.35
Kozhikode,Kerala,Food,Rural,13.9,50.08,88.31,71.5,31.26,Female,12365.59
Sangrur,Punjab,Medical,Rural,184.7,95.41,96.15,72.37,62.16,Female,54804.44
Hailakandi,Assam,Agriculture,Rural,5.8,66.96,78.64,75.64,47.42,Female,22243.19
Malkangiri,Odisha,Services,Urban,184.4,90.45,82.7,82.86,72.41,Male,32193.78
Vaishali,Bihar,Medical,Rural,132.1,94.23,80.61,72.94,43.68,Female,74052.05
Lower Dibang Valley,Arunachal Pradesh,Services,Rural,149.0,95.39,70.45,72.98,42.89,Female,20199.6
Sonbhadra,Uttar Pradesh,Manufacturing,Rural,98.3,72.25,87.76,78.94,37.14,Male,35699.63
Birbhum,West Bengal,Manufacturing,Rural,35.5,77.73,76.2,81.18,63.54,Male,36320.61
South Tripura,Tripura,Manufacturing,Rural,186.6,106.22,83.47,65.1,63.35,Male,43899.35
Bhind,Madhya Pradesh,Services,Urban,83.4,45.26,91.61,72.51,68.19,Female,27519.44
Bajali,Assam,Manufacturing,Rural,60.7,42.9,89.77,72.42,34.24,Male,26801.98
South West Delhi,Delhi,LifeStyle,Urban,34.2,91.41,87.57,69.47,72.32,Male,32595.49
Saharsa,Bihar,Manufacturing,Urban,101.6,150.83,80.89,80.76,71.18,Female,68627.66
South 24 Parganas,West Bengal,Food,Urban,74.1,81.57,82.68,79.27,32.37,Male,52488.21
Aurangabad,Bihar,LifeStyle,Rural,132.4,50.83,92.39,83.64,52.42,Female,15093.88
Aurangabad,Maharashtra,Agriculture,Urban,139.4,103.46,87.66,88.1,60.42,Male,34181.5
Adilabad,Telangana,Agriculture,Urban,72.3,59.21,93.55,84.64,44.77,Male,5522.19
West Tripura,Tripura,IT and Security,Rural,88.9,41.91,80.07,67.66,67.32,Male,32957.82
Sirsa,Haryana,Agriculture,Rural,134.3,79.07,94.19,73.72,75.51,Male,31711.93
Nalgonda,Telangana,Construction,Urban,38.6,122.16,86.94,82.5,20.61,Female,31839.93
Sivasagar,Assam,Services,Urban,88.9,94.89,77.17,81.1,37.51,Male,55586.68
Washim,Maharashtra,LifeStyle,Urban,66.6,40.96,72.16,69.44,64.16,Male,13191.36
Wokha,Nagaland,Manufacturing,Rural,97.8,95.54,97.63,86.98,58.36,Female,16103.71
North Sikkim,Sikkim,Services,Urban,77.8,85.16,94.79,83.1,49.43,Male,60193.65
Nilgiris,Tamil Nadu,Manufacturing,Urban,97.1,82.97,70.83,86.34,21.8,Female,29512.92
South West Delhi,Delhi,LifeStyle,Urban,34.2,91.41,87.57,69.47,72.32,Female,35909.45
Washim,Maharashtra,LifeStyle,Urban,66.6,40.96,72.16,69.44,64.16,Male,48828.18
Malappuram,Kerala,Medical,Rural,136.2,74.52,85.73,91.97,54.39,Male,49351.43
Kanpur Dehat,Uttar Pradesh,Manufacturing,Urban,13.7,77.29,89.19,63.78,67.76,Male,25268.13
Agra,Uttar Pradesh,Manufacturing,Rural,187.4,88.75,93.55,70.68,71.53,Male,47710.59
Mancherial,Telangana,Food,Rural,187.9,70.51,99.35,90.29,67.34,Female,24738.42
Jalgaon,Maharashtra,LifeStyle,Urban,109.6,62.86,98.97,73.77,50.17,Female,27746.68
Goalpara,Assam,Agriculture,Rural,128.1,95.56,82.87,71.22,47.24,Male,5000.0
South West Garo Hills,Meghalaya,Food,Rural,84.2,64.24,73.21,74.61,61.94,Male,20675.04
Sangrur,Punjab,Medical,Rural,184.7,95.41,96.15,72.37,62.16,Female,11444.73
Dhalai,Tripura,IT and Security,Urban,21.0,44.27,81.4,79.43,32.28,Female,26180.06
Gondia,Maharashtra,Medical,Rural,125.6,28.1,88.33,63.47,24.95,Female,5000.0
Botad,Gujarat,Construction,Urban,32.1,96.69,80.27,88.9,34.08,Female,24862.19
Lalitpur,Uttar Pradesh,LifeStyle,Urban,118.1,52.79,75.44,84.06,80.56,Male,15739.58
Pherzawl,Manipur,Manufacturing,Rural,44.4,88.66,94.49,85.76,37.46,Female,29827.27
Noklak,Nagaland,Agriculture,Urban,9.7,110.57,96.51,94.69,61.01,Male,80146.54
Shopian,Jammu Kashmir,Agriculture,Urban,64.8,115.21,76.47,79.45,58.99,Female,53876.41
Bokaro,Jharkhand,Services,Rural,196.7,92.15,99.08,81.84,30.16,Female,37419.14
Ayodhya,Uttar Pradesh,Services,Urban,160.9,115.72,96.2,76.64,64.67,Female,40803.79
Mahabubabad,Telangana,Food,Rural,43.7,71.83,95.4,69.5,41.91,Female,19299.73
Kandhamal,Odisha,LifeStyle,Rural,98.2,98.51,92.32,76.75,58.19,Male,49020.47
Hoshangabad,Madhya Pradesh,Medical,Urban,191.8,53.26,99.44,79.06,39.3,Female,18135.35
Sheopur,Madhya Pradesh,LifeStyle,Urban,98.4,100.88,89.78,70.74,51.1,Female,47731.73
Firozpur,Punjab,Food,Rural,172.8,98.62,97.71,75.59,65.97,Female,23261.04
Mau,Uttar Pradesh,Manufacturing,Rural,112.0,81.23,75.06,60.68,58.82,Male,27103.25
Ramgarh,Jharkhand,Manufacturing,Urban,45.5,65.22,71.49,67.88,23.01,Male,5000.0
Valsad,Gujarat,LifeStyle,Urban,185.2,66.93,99.88,86.87,63.89,Female,39164.49
Tarn Taran,Punjab,Agriculture,Rural,38.0,39.19,85.71,89.18,30.1,Male,5201.02
Tumkur,Karnataka,Construction,Rural,87.0,71.68,78.13,64.73,52.91,Male,37062.0
Lower Subansiri,Arunachal Pradesh,IT and Security,Rural,126.6,82.48,86.81,66.23,30.12,Female,8124.39
Khunti,Jharkhand,IT and Security,Rural,189.7,78.28,93.83,79.32,51.87,Male,25920.57
Navsari,Gujarat,Agriculture,Urban,133.6,95.27,94.46,68.28,42.64,Female,29449.81
Gangapur City,Rajasthan,Services,Urban,79.9,81.69,96.09,74.55,43.57,Male,37650.33
Firozabad,Uttar Pradesh,LifeStyle,Rural,99.6,66.44,73.86,66.28,55.32,Male,18725.29
Mathura,Uttar Pradesh,Medical,Urban,120.8,50.12,89.04,90.07,56.16,Male,27445.49
Bidar,Karnataka,Medical,Rural,111.8,93.13,77.49,78.96,53.94,Female,14898.6
Alappuzha,Kerala,Medical,Rural,46.5,87.23,82.1,86.09,28.81,Female,15182.5
Raipur,Chhattisgarh,Food,Urban,121.9,84.84,87.23,83.73,66.34,Male,44437.4
Eluru,Andhra Pradesh,LifeStyle,Rural,52.2,109.58,78.63,82.09,31.38,Male,34059.4
Chamba,Himachal Pradesh,Manufacturing,Rural,57.1,75.74,91.52,66.71,46.06,Female,38070.27
Mandla,Madhya Pradesh,IT and Security,Rural,185.7,67.73,70.57,91.63,58.26,Female,46232.1
Chengalpattu,Tamil Nadu,IT and Security,Rural,56.8,83.84,92.88,93.94,63.09,Male,17028.9
Khammam,Telangana,IT and Security,Rural,42.8,81.19,70.49,87.76,59.45,Female,25430.13
Majuli,Assam,Food,Rural,182.5,75.85,82.19,91.75,43.25,Male,25632.23
Guna,Madhya Pradesh,Construction,Rural,55.4,78.02,82.88,72.97,42.79,Female,33269.42
Kalimpong,West Bengal,Food,Urban,144.3,71.0,94.29,63.59,48.36,Female,32663.89
Churachandpur,Manipur,Medical,Urban,144.1,97.95,75.23,71.73,48.68,Male,23185.06
Moga,Punjab,Manufacturing,Urban,43.0,98.77,78.28,64.92,73.91,Male,58172.19
Kotputli Behror,Rajasthan,Food,Rural,140.1,68.39,79.17,65.38,46.97,Female,18946.32
Daman,Dadra Nagar Haveli and Daman and Diu,Manufacturing,Rural,122.6,77.53,72.53,61.95,55.62,Female,25482.26
Moradabad,Uttar Pradesh,Construction,Rural,134.0,87.96,98.54,60.52,32.36,Female,9837.87
Chittoor,Andhra Pradesh,IT and Security,Urban,130.5,90.61,79.28,88.02,49.16,Female,36981.39
Banaskantha,Gujarat,Construction,Rural,197.6,89.73,74.82,75.42,48.49,Male,40718.32
Raipur,Chhattisgarh,Food,Urban,121.9,84.84,87.23,83.73,66.34,Female,37875.83
Mehsana,Gujarat,Food,Urban,55.7,94.66,95.1,65.64,45.35,Female,49662.83
Khandwa,Madhya Pradesh,Medical,Rural,70.1,77.86,74.43,64.28,44.76,Female,35168.32
Ramgarh,Jharkhand,Manufacturing,Urban,45.5,65.22,71.49,67.88,23.01,Female,18754.9
Kaimur,Bihar,IT and Security,Rural,112.3,57.07,99.04,87.34,40.3,Female,50678.14
Kangra,Himachal Pradesh,Medical,Rural,96.2,96.53,71.74,81.64,21.72,Male,62349.18
Haveri,Karnataka,LifeStyle,Urban,64.4,33.18,79.68,77.94,61.37,Male,10588.14
Ranchi,Jharkhand,LifeStyle,Rural,107.3,59.21,93.33,79.85,49.09,Male,42994.16
North Garo Hills,Meghalaya,Food,Rural,35.9,87.52,91.87,85.17,39.35,Female,39108.78
Wokha,Nagaland,Manufacturing,Rural,97.8,95.54,97.63,86.98,58.36,Female,35074.97
Dakshin Dinajpur,West Bengal,Food,Urban,188.0,60.58,85.12,86.3,57.51,Male,46530.75
Azamgarh,Uttar Pradesh,LifeStyle,Urban,40.8,60.78,92.0,74.93,52.81,Male,15788.92
Sonitpur,Assam,Food,Rural,47.9,104.73,81.4,93.8,22.86,Male,39075.29
Keyi Panyor,Arunachal Pradesh,Manufacturing,Rural,107.6,75.79,75.22,60.53,41.62,Male,10439.58
South West Khasi Hills,Meghalaya,Manufacturing,Rural,183.7,83.13,80.77,80.31,52.58,Female,44813.16
Jaisalmer,Rajasthan,LifeStyle,Rural,106.7,75.81,79.96,82.95,66.9,Female,34935.61
Bargarh,Odisha,Services,Rural,25.7,120.42,76.19,60.53,22.79,Male,23435.69
Kohima,Nagaland,Food,Rural,135.8,104.47,85.81,85.36,53.32,Female,47537.17
Guntur,Andhra Pradesh,Agriculture,Rural,172.6,89.86,84.94,74.3,51.3,Female,56038.11
Gajapati,Odisha,IT and Security,Rural,155.8,120.2,76.16,87.1,49.9,Male,48713.92
Baran,Rajasthan,Agriculture,Rural,43.2,92.38,79.0,72.42,54.73,Female,45407.18
Zunheboto,Nagaland,LifeStyle,Urban,191.9,81.33,88.47,67.45,62.42,Male,35035.23
Yavatmal,Maharashtra,Services,Rural,47.5,114.9,71.21,61.28,39.45,Female,15944.99
Erode,Tamil Nadu,Food,Rural,151.3,85.0,84.84,71.31,46.74,Female,23514.62
Thane,Maharashtra,Food,Urban,79.3,52.98,81.88,86.05,36.47,Male,16783.99
Nuh,Haryana,Construction,Urban,155.3,97.44,84.52,65.37,44.2,Female,25888.28
Lohardaga,Jharkhand,LifeStyle,Urban,18.8,72.33,77.69,72.55,64.92,Male,22426.42
Lakshadweep,Lakshadweep,Food,Rural,25.8,67.15,77.23,83.96,43.77,Female,34257.72
Medak,Telangana,Manufacturing,Rural,170.8,117.37,70.61,90.24,62.23,Male,24236.07
Parbhani,Maharashtra,Manufacturing,Rural,194.7,73.92,75.76,85.29,73.99,Female,51101.2
Faridabad,Haryana,Agriculture,Rural,52.4,80.66,72.8,71.49,25.94,Female,40857.06
Sidhi,Madhya Pradesh,Services,Urban,152.4,137.08,88.26,62.59,45.53,Male,35560.78
Bhind,Madhya Pradesh,Services,Urban,83.4,45.26,91.61,72.51,68.19,Female,26426.42
Lepa Rada,Arunachal Pradesh,Construction,Urban,137.7,102.88,72.77,73.57,63.04,Male,22174.28
Sant Kabir Nagar,Uttar Pradesh,Manufacturing,Rural,112.9,72.02,77.3,61.63,60.29,Female,64383.93
Pathankot,Punjab,IT and Security,Urban,108.6,73.88,91.19,71.77,26.37,Female,35549.77
Sri Ganganagar,Rajasthan,Construction,Urban,17.8,68.74,75.3,69.7,56.79,Male,13139.81
Sultanpur,Uttar Pradesh,Agriculture,Urban,51.7,45.42,89.52,69.07,41.62,Female,24169.26
South Andaman,Andaman Nicobar,Services,Rural,144.8,79.5,96.69,84.71,35.57,Female,23505.95
Firozabad,Uttar Pradesh,LifeStyle,Rural,99.6,66.44,73.86,66.28,55.32,Female,23926.4
Karimganj,Assam,Manufacturing,Rural,167.5,121.3,81.84,76.14,62.01,Female,41423.91
Reasi,Jammu Kashmir,LifeStyle,Rural,63.7,80.63,80.06,81.01,63.56,Female,36901.65
West Khasi Hills,Meghalaya,Food,Rural,173.3,94.36,79.06,89.91,50.02,Female,38489.05
Tirunelveli,Tamil Nadu,LifeStyle,Rural,101.5,98.71,75.97,86.28,60.65,Female,17242.19
Gomati,Tripura,IT and Security,Rural,182.3,50.68,99.44,66.45,63.69,Male,33121.71
Diu,Dadra Nagar Haveli and Daman and Diu,Services,Urban,104.7,87.29,94.56,76.35,31.32,Male,21989.09
Purulia,West Bengal,Manufacturing,Rural,82.3,89.62,94.51,83.42,39.4,Female,31206.68
Muktsar,Punjab,LifeStyle,Urban,117.1,98.12,74.3,94.65,57.67,Female,38437.19
Tiruvannamalai,Tamil Nadu,IT and Security,Rural,192.4,101.55,92.53,90.48,45.32,Male,42148.46
Moradabad,Uttar Pradesh,Construction,Rural,134.0,87.96,98.54,60.52,32.36,Male,49077.31
Barpeta,Assam,Food,Rural,64.1,82.37,85.29,71.91,44.7,Female,24566.1
Mayiladuthurai,Tamil Nadu,Medical,Rural,185.3,68.82,75.73,91.53,34.15,Female,9194.86
Kishtwar,Jammu Kashmir,Agriculture,Urban,183.7,36.42,80.11,62.31,25.58,Female,29704.61
Washim,Maharashtra,LifeStyle,Urban,66.6,40.96,72.16,69.44,64.16,Male,23330.6
Doda,Jammu Kashmir,Services,Urban,94.3,70.84,91.24,67.99,51.57,Female,37674.87
Yadgir,Karnataka,Services,Rural,156.6,63.43,99.92,63.43,52.54,Male,20354.53
Patna,Bihar,Agriculture,Urban,159.0,75.83,84.18,73.43,28.83,Male,29053.54
Tirap,Arunachal Pradesh,Services,Rural,77.5,94.9,97.56,90.33,34.99,Male,66947.04
Surajpur,Chhattisgarh,Construction,Urban,184.3,98.57,93.45,88.89,64.02,Female,63324.06
Bastar,Chhattisgarh,Food,Rural,127.7,51.39,96.1,68.27,44.46,Male,29906.57
Ernakulam,Kerala,Services,Rural,186.8,52.04,71.3,69.07,64.35,Male,31592.75
Theni,Tamil Nadu,Agriculture,Urban,63.9,69.65,97.19,66.97,61.01,Male,13696.85
Ramban,Jammu Kashmir,Agriculture,Rural,166.1,116.11,84.73,72.06,35.65,Male,46466.3
Patna,Bihar,Agriculture,Urban,159.0,75.83,84.18,73.43,28.83,Male,24645.09
Seoni,Madhya Pradesh,Construction,Rural,162.5,125.99,93.95,70.82,39.01,Female,51007.55
Anupgarh,Rajasthan,Construction,Urban,154.9,53.33,94.8,66.5,55.4,Male,37269.0
Anupgarh,Rajasthan,Construction,Urban,154.9,53.33,94.8,66.5,55.4,Female,27511.31
Banswara,Rajasthan,Manufacturing,Rural,55.7,69.09,85.27,88.81,68.44,Male,50584.5
Kanpur Nagar,Uttar Pradesh,Services,Urban,185.3,58.97,88.75,83.57,81.06,Male,83169.12
Bhiwani,Haryana,IT and Security,Rural,28.6,90.94,88.64,77.63,67.38,Female,83722.24
Durg,Chhattisgarh,Construction,Rural,97.1,100.1,75.21,63.77,36.23,Male,77579.35
Sitapur,Uttar Pradesh,Agriculture,Rural,166.0,85.17,77.33,72.67,53.91,Female,31569.44
Viluppuram,Tamil Nadu,IT and Security,Rural,107.4,93.7,98.93,63.32,18.68,Male,29158.88
South West Delhi,Delhi,LifeStyle,Urban,34.2,91.41,87.57,69.47,72.32,Male,27287.13
Hanumangarh,Rajasthan,Construction,Urban,18.3,85.05,95.54,85.39,55.16,Female,34681.71
Nandyal,Andhra Pradesh,Food,Urban,52.4,70.95,88.75,60.76,68.12,Male,46741.89
Latehar,Jharkhand,IT and Security,Rural,115.8,69.19,79.94,76.67,55.03,Female,43221.02
Jalaun,Uttar Pradesh,Construction,Rural,191.2,57.33,89.91,92.75,67.4,Male,38942.26
Bhadradri Kothagudem,Telangana,Medical,Rural,190.9,88.55,85.06,78.55,58.0,Female,64393.12
Bhind,Madhya Pradesh,Services,Urban,83.4,45.26,91.61,72.51,68.19,Female,22845.96
Murshidabad,West Bengal,LifeStyle,Rural,154.2,64.74,87.39,87.6,37.48,Male,35831.56
Raichur,Karnataka,Agriculture,Rural,114.8,84.58,74.48,85.95,30.7,Male,31900.27
Ukhrul,Manipur,Food,Urban,13.8,88.46,88.14,92.94,53.02,Female,23689.82
Datia,Madhya Pradesh,Medical,Rural,145.2,93.23,77.07,77.43,56.6,Male,69002.49
Tehri,Uttarakhand,Agriculture,Rural,111.0,99.49,71.51,64.83,56.25,Female,58263.54
Shimoga,Karnataka,Agriculture,Urban,163.5,105.1,93.19,82.11,49.02,Male,46609.68
Khairagarh,Chhattisgarh,LifeStyle,Rural,142.2,131.31,74.78,70.19,55.85,Male,54127.56
East Jaintia Hills,Meghalaya,Construction,Urban,20.7,92.12,94.42,88.53,58.3,Female,52234.95
West Godavari,Andhra Pradesh,Manufacturing,Urban,193.5,80.3,92.22,80.21,76.73,Female,61667.64
Purba Bardhaman,West Bengal,Manufacturing,Urban,188.8,108.63,75.08,87.46,58.4,Male,49281.0
Thoothukudi,Tamil Nadu,IT and Security,Rural,146.4,75.58,76.7,76.18,32.53,Male,58352.48
Kamrup Metropolitan,Assam,Agriculture,Rural,176.8,90.49,74.02,86.03,69.53,Male,54761.82
Sarangarh Bilaigarh,Chhattisgarh,Manufacturing,Urban,74.9,74.61,83.97,78.46,60.81,Male,37947.26
Poonch,Jammu Kashmir,Services,Rural,148.1,86.43,71.14,77.57,51.73,Female,22283.83
Kishanganj,Bihar,Agriculture,Rural,130.2,50.04,89.69,65.9,43.43,Male,13530.62
Kathua,Jammu Kashmir,Food,Rural,178.2,59.73,84.44,94.09,73.9,Male,18195.58
West Delhi,Delhi,Agriculture,Rural,194.7,97.55,91.1,76.22,68.13,Male,12586.04
Kaimur,Bihar,IT and Security,Rural,112.3,57.07,99.04,87.34,40.3,Male,23651.72
Tamulpur,Assam,Agriculture,Urban,40.0,52.79,79.04,88.79,61.17,Female,55479.0
Rohtas,Bihar,Food,Rural,167.2,61.87,90.97,90.64,35.47,Female,35555.89
Yanam,Puducherry,Food,Urban,122.6,62.08,74.72,87.83,45.37,Male,49075.35
Guntur,Andhra Pradesh,Agriculture,Rural,172.6,89.86,84.94,74.3,51.3,Male,37204.69
Balaghat,Madhya Pradesh,Agriculture,Rural,20.6,86.73,72.1,65.76,32.12,Female,11127.97
Kurung Kumey,Arunachal Pradesh,Food,Rural,181.5,87.98,71.34,71.93,55.66,Female,36313.6
Balrampur,Chhattisgarh,Construction,Rural,99.1,99.48,90.43,83.16,49.09,Male,44463.1
Balrampur,Uttar Pradesh,Food,Urban,17.7,52.49,89.84,60.61,87.99,Female,35160.13
Ranipet,Tamil Nadu,Construction,Urban,119.9,62.75,88.78,73.51,73.12,Female,5000.0
Beawar,Rajasthan,Manufacturing,Rural,54.3,77.73,83.87,81.59,48.94,Female,27918.06
Kondagaon,Chhattisgarh,LifeStyle,Urban,65.4,77.45,81.33,65.03,62.09,Male,58499.13
South 24 Parganas,West Bengal,Food,Urban,74.1,81.57,82.68,79.27,32.37,Male,47944.07
Thrissur,Kerala,IT and Security,Rural,194.7,34.0,82.33,76.12,44.02,Male,18136.18
Faridkot,Punjab,Services,Rural,168.6,108.54,98.89,93.04,49.63,Male,34410.78
Almora,Uttarakhand,Medical,Urban,179.4,74.56,85.27,86.17,18.33,Female,28804.42
Lower Subansiri,Arunachal Pradesh,IT and Security,Rural,126.6,82.48,86.81,66.23,30.12,Male,16077.98
Jamtara,Jharkhand,Manufacturing,Urban,134.7,72.1,82.22,66.16,77.84,Male,5000.0
Jangaon,Telangana,Medical,Rural,63.9,76.17,89.92,77.51,94.75,Female,49538.53
Jodhpur,Rajasthan,Construction,Urban,70.8,78.51,99.49,67.06,65.69,Female,9713.28
Debagarh,Odisha,Medical,Rural,11.7,52.05,71.84,94.0,53.35,Female,8755.24
Dharwad,Karnataka,IT and Security,Rural,50.5,90.35,75.95,72.17,53.22,Female,21404.59
Nizamabad,Telangana,Medical,Rural,53.0,87.36,83.3,75.58,59.29,Male,34736.74
Patan,Gujarat,Food,Rural,134.2,75.21,84.17,73.51,39.89,Male,43681.2
Chitradurga,Karnataka,Agriculture,Rural,50.7,98.72,91.54,94.79,60.97,Male,42132.98
Dang,Gujarat,Food,Urban,106.7,104.57,77.01,68.97,18.45,Male,21592.22
Mathura,Uttar Pradesh,Medical,Urban,120.8,50.12,89.04,90.07,56.16,Male,26452.28
South Salmara-Mankachar,Assam,IT and Security,Rural,92.7,61.7,95.02,92.81,56.59,Female,46113.82
Sonipat,Haryana,Agriculture,Urban,138.4,84.68,89.41,93.37,18.32,Male,17740.02
Sheikhpura,Bihar,Medical,Rural,157.5,60.55,98.4,87.89,41.01,Female,23498.69
Kondagaon,Chhattisgarh,LifeStyle,Urban,65.4,77.45,81.33,65.03,62.09,Female,35874.63
Vidisha,Madhya Pradesh,Services,Rural,66.6,35.5,75.2,81.87,58.46,Female,12114.38
Mon,Nagaland,Agriculture,Rural,165.7,73.53,98.13,67.07,63.22,Male,52458.38
Ukhrul,Manipur,Food,Urban,13.8,88.46,88.14,92.94,53.02,Male,28167.01
Kutch,Gujarat,Agriculture,Urban,175.5,66.03,73.74,80.83,40.94,Male,7527.72
Balrampur,Chhattisgarh,Construction,Rural,99.1,99.48,90.43,83.16,49.09,Female,32360.51
Balrampur,Uttar Pradesh,Food,Urban,17.7,52.49,89.84,60.61,87.99,Female,8993.76
West Godavari,Andhra Pradesh,Manufacturing,Urban,193.5,80.3,92.22,80.21,76.73,Female,23708.44
Seraikela Kharsawan,Jharkhand,IT and Security,Rural,162.0,92.85,83.02,83.77,57.96,Male,34191.45
Mainpuri,Uttar Pradesh,Manufacturing,Rural,182.3,62.7,75.0,81.29,53.9,Female,34401.13
Chittorgarh,Rajasthan,Manufacturing,Urban,120.8,115.25,95.3,90.54,65.85,Male,78199.82
Amethi,Uttar Pradesh,Food,Rural,141.2,67.48,97.64,72.52,57.3,Female,32071.23
Chumukedima,Nagaland,IT and Security,Urban,167.5,67.07,83.17,67.63,44.98,Male,25166.13
Patan,Gujarat,Food,Rural,134.2,75.21,84.17,73.51,39.89,Male,41140.93
Koraput,Odisha,Agriculture,Rural,86.9,101.28,85.37,62.35,52.92,Female,37779.21
Viluppuram,Tamil Nadu,IT and Security,Rural,107.4,93.7,98.93,63.32,18.68,Female,39101.95
Beed,Maharashtra,Manufacturing,Urban,95.0,75.03,88.47,75.61,23.21,Male,35704.75
Haveri,Karnataka,LifeStyle,Urban,64.4,33.18,79.68,77.94,61.37,Male,30453.17
Farrukhabad,Uttar Pradesh,Food,Rural,102.9,112.38,79.97,76.98,55.31,Male,57435.59
Alluri Sitarama Raju,Andhra Pradesh,LifeStyle,Rural,126.4,72.31,72.47,64.72,56.23,Male,55812.27
Lucknow,Uttar Pradesh,Medical,Rural,171.8,81.88,77.33,64.81,61.03,Male,44390.33
Dungarpur,Rajasthan,IT and Security,Urban,36.6,96.96,99.91,60.2,62.0,Female,52098.88
Lower Dibang Valley,Arunachal Pradesh,Services,Rural,149.0,95.39,70.45,72.98,42.89,Female,53266.37
Krishna,Andhra Pradesh,Manufacturing,Urban,130.9,85.15,85.88,86.95,68.14,Male,33628.2
Bijapur,Chhattisgarh,Agriculture,Urban,89.6,110.96,79.27,77.58,46.94,Male,48209.76
Bhilwara,Rajasthan,Medical,Urban,68.8,77.18,77.19,63.68,82.28,Female,13127.94
Dhenkanal,Odisha,Construction,Rural,188.1,44.36,87.55,86.15,33.9,Female,34927.04
Niwari,Madhya Pradesh,Services,Rural,81.9,116.26,80.58,84.15,51.98,Male,52622.97
Nizamabad,Telangana,Medical,Rural,53.0,87.36,83.3,75.58,59.29,Female,31766.99
Jodhpur Rural,Rajasthan,Manufacturing,Rural,36.1,59.87,83.74,70.61,49.92,Female,7263.4
Dahod,Gujarat,Manufacturing,Rural,147.2,45.72,98.95,76.7,75.5,Female,22354.14
Dharwad,Karnataka,IT and Security,Rural,50.5,90.35,75.95,72.17,53.22,Male,29393.71
Mainpuri,Uttar Pradesh,Manufacturing,Rural,182.3,62.7,75.0,81.29,53.9,Male,30021.24
Alwar,Rajasthan,Services,Rural,143.2,67.58,72.14,69.62,46.14,Female,28320.29
Gonda,Uttar Pradesh,Construction,Rural,182.0,113.76,97.88,75.93,46.66,Female,5000.0
Unnao,Uttar Pradesh,Medical,Rural,175.0,75.34,86.45,92.68,54.77,Male,59208.12
Kalahandi,Odisha,Manufacturing,Urban,151.1,41.61,80.3,88.23,37.59,Male,13874.86
Khairthal Tijara,Rajasthan,IT and Security,Urban,10.4,87.02,91.78,89.01,77.58,Female,40445.84
Banka,Bihar,LifeStyle,Rural,166.1,96.76,92.72,75.33,47.77,Male,35654.9
Hailakandi,Assam,Agriculture,Rural,5.8,66.96,78.64,75.64,47.42,Female,23436.07
Gaya,Bihar,Construction,Rural,142.3,82.79,77.86,65.78,56.46,Male,53299.03
West Kameng,Arunachal Pradesh,IT and Security,Rural,34.8,54.91,76.01,81.5,42.35,Female,6801.63
Uttarkashi,Uttarakhand,Agriculture,Rural,85.5,85.28,96.44,89.72,36.24,Male,21847.97
Virudhunagar,Tamil Nadu,IT and Security,Rural,171.5,89.14,74.68,60.88,49.93,Male,47673.59
Erode,Tamil Nadu,Food,Rural,151.3,85.0,84.84,71.31,46.74,Male,7823.18
Kabirdham,Chhattisgarh,Medical,Rural,83.6,95.71,94.26,65.81,56.11,Male,37592.71
West Jaintia Hills,Meghalaya,Construction,Rural,199.1,99.02,93.08,76.67,71.32,Male,41102.4
Beed,Maharashtra,Manufacturing,Urban,95.0,75.03,88.47,75.61,23.21,Male,36541.53
Kurnool,Andhra Pradesh,Agriculture,Urban,95.2,47.55,88.07,60.38,47.24,Female,42478.8
Kozhikode,Kerala,Food,Rural,13.9,50.08,88.31,71.5,31.26,Male,12638.66
Thanjavur,Tamil Nadu,Food,Rural,139.1,71.57,87.35,61.04,42.39,Female,39130.42
Nirmal,Telangana,IT and Security,Urban,180.8,92.07,76.67,85.61,55.71,Male,51169.02
Sirsa,Haryana,Agriculture,Rural,134.3,79.07,94.19,73.72,75.51,Female,14344.45
Jabalpur,Madhya Pradesh,Food,Urban,151.8,65.57,74.86,84.15,35.65,Female,31280.4
Arwal,Bihar,Medical,Urban,134.7,78.24,74.53,74.51,45.78,Male,23378.44
East Khasi Hills,Meghalaya,Manufacturing,Rural,94.3,64.76,93.57,86.87,3.75,Female,48346.88
Mamit,Mizoram,Agriculture,Urban,59.1,60.45,77.87,76.75,66.34,Male,26214.58
Alwar,Rajasthan,Services,Rural,143.2,67.58,72.14,69.62,46.14,Male,7849.06
Shahdol,Madhya Pradesh,Services,Rural,177.2,88.14,74.25,92.68,56.14,Male,47762.32
South Andaman,Andaman Nicobar,Services,Rural,144.8,79.5,96.69,84.71,35.57,Female,6538.73
Kota,Rajasthan,IT and Security,Urban,111.0,85.62,92.77,64.85,47.42,Female,47979.5
Jalpaiguri,West Bengal,LifeStyle,Rural,31.8,87.59,88.9,91.38,43.8,Female,44572.05
Dima Hasao,Assam,LifeStyle,Rural,25.6,76.1,89.33,81.97,70.87,Female,44506.24
Udupi,Karnataka,IT and Security,Rural,9.3,102.1,95.78,74.78,51.0,Male,23375.14
Kishtwar,Jammu Kashmir,Agriculture,Urban,183.7,36.42,80.11,62.31,25.58,Male,17628.43
Panna,Madhya Pradesh,Construction,Rural,143.2,93.02,73.29,67.39,55.67,Male,11973.94
Bemetara,Chhattisgarh,Services,Rural,112.5,103.06,81.08,62.5,25.97,Male,41217.56
Siddipet,Telangana,Medical,Urban,100.0,67.64,76.1,89.05,35.03,Male,31770.17
Karbi Anglong,Assam,Medical,Rural,164.9,79.87,96.05,62.89,39.57,Female,30204.28
Shamli,Uttar Pradesh,IT and Security,Rural,51.5,109.11,94.63,76.8,64.64,Female,48692.04
Patiala,Punjab,Agriculture,Urban,198.0,59.52,78.18,80.26,49.78,Male,32700.53
Medak,Telangana,Manufacturing,Rural,170.8,117.37,70.61,90.24,62.23,Male,80229.23
Bikaner,Rajasthan,Food,Rural,68.3,46.99,79.87,91.03,53.11,Female,21143.72
Phek,Nagaland,Manufacturing,Rural,141.1,104.73,84.3,94.5,49.26,Female,67936.01
Lucknow,Uttar Pradesh,Medical,Rural,171.8,81.88,77.33,64.81,61.03,Female,50537.05
Korba,Chhattisgarh,Food,Rural,189.6,92.89,97.08,80.86,69.99,Female,40660.55
Kamrup Metropolitan,Assam,Agriculture,Rural,176.8,90.49,74.02,86.03,69.53,Male,44977.26
Lohit,Arunachal Pradesh,Services,Rural,107.2,64.57,91.88,72.78,27.75,Male,25173.91
Banswara,Rajasthan,Manufacturing,Rural,55.7,69.09,85.27,88.81,68.44,Female,45679.35
Valsad,Gujarat,LifeStyle,Urban,185.2,66.93,99.88,86.87,63.89,Male,36211.42
Subarnapur,Odisha,Construction,Urban,139.2,69.37,73.37,76.0,34.68,Female,20611.52
Fatehabad,Haryana,Food,Rural,76.4,78.0,92.28,61.54,51.58,Male,66556.11
Eluru,Andhra Pradesh,LifeStyle,Rural,52.2,109.58,78.63,82.09,31.38,Male,25551.58
Gorakhpur,Uttar Pradesh,LifeStyle,Rural,83.9,107.98,83.82,76.6,58.42,Female,52525.45
Anand,Gujarat,Services,Urban,36.2,77.97,89.22,87.48,24.26,Male,30668.92
Sitapur,Uttar Pradesh,Agriculture,Rural,166.0,85.17,77.33,72.67,53.91,Female,37215.11
Boudh,Odisha,Construction,Rural,115.7,57.85,96.1,89.4,58.89,Male,60766.59
Senapati,Manipur,IT and Security,Urban,140.6,53.44,86.9,75.78,49.6,Male,37549.46
Haridwar,Uttarakhand,Services,Rural,139.9,77.66,89.07,76.66,59.41,Female,37315.15
Dhemaji,Assam,IT and Security,Urban,194.2,98.06,79.21,85.56,55.86,Female,38339.66
Udupi,Karnataka,IT and Security,Rural,9.3,102.1,95.78,74.78,51.0,Female,37800.64
Kaushambi,Uttar Pradesh,IT and Security,Rural,88.9,106.0,80.89,66.05,52.48,Male,40542.14
Sambhal,Uttar Pradesh,Agriculture,Rural,67.3,45.8,99.0,87.25,41.22,Female,36020.76
Kota,Rajasthan,IT and Security,Urban,111.0,85.62,92.77,64.85,47.42,Male,47968.82
Kotputli Behror,Rajasthan,Food,Rural,140.1,68.39,79.17,65.38,46.97,Female,50068.05
East Kameng,Arunachal Pradesh,Agriculture,Urban,190.9,61.74,98.01,83.93,50.44,Female,16362.93
Puducherry,Puducherry,Medical,Rural,8.1,98.68,90.18,72.82,51.18,Male,20740.99
Sukma,Chhattisgarh,Construction,Urban,106.9,82.73,96.16,60.96,47.7,Male,14569.13
Balasore,Odisha,Services,Rural,87.6,122.18,82.34,60.99,55.25,Male,30113.21
Charaideo,Assam,Medical,Rural,124.8,123.17,99.67,81.97,70.5,Male,53260.49
Rudraprayag,Uttarakhand,Manufacturing,Rural,99.2,68.62,96.59,93.21,37.23,Male,20254.65
Bharatpur,Rajasthan,Agriculture,Urban,31.1,79.87,74.39,81.56,47.69,Male,33778.88
Nagarkurnool,Telangana,Agriculture,Urban,102.7,59.65,71.71,71.76,47.32,Female,7053.04
Koderma,Jharkhand,Manufacturing,Rural,178.3,72.78,75.44,70.03,12.86,Female,40508.85
Longleng,Nagaland,Manufacturing,Urban,18.2,100.05,82.99,93.22,45.74,Female,36566.03
Guna,Madhya Pradesh,Construction,Rural,55.4,78.02,82.88,72.97,42.79,Female,24452.34
Chitradurga,Karnataka,Agriculture,Rural,50.7,98.72,91.54,94.79,60.97,Female,39564.56
Malerkotla,Punjab,Food,Urban,194.3,93.31,72.9,69.02,53.76,Male,39857.9
Kamrup Rural,Assam,LifeStyle,Urban,173.9,78.67,84.08,90.84,58.11,Female,41291.7
Banaskantha,Gujarat,Construction,Rural,197.6,89.73,74.82,75.42,48.49,Male,40111.11
Purba Medinipur,West Bengal,Food,Rural,53.2,32.46,86.2,92.51,39.56,Male,22156.51
Bathinda,Punjab,Manufacturing,Urban,44.0,81.28,70.6,92.41,82.02,Male,25097.08
Kannur,Kerala,Construction,Urban,135.6,78.44,74.32,63.36,62.29,Female,27804.5
Vellore,Tamil Nadu,LifeStyle,Urban,44.1,88.63,79.95,77.04,31.06,Female,32785.57
Kapurthala,Punjab,Medical,Urban,57.6,64.9,93.7,81.14,74.14,Male,16065.17
Tengnoupal,Manipur,Medical,Urban,48.8,82.5,76.13,70.12,50.78,Female,15503.84
Vijayanagara,Karnataka,Manufacturing,Rural,194.0,62.6,93.19,75.45,33.15,Male,15321.01
Gandhinagar,Gujarat,Medical,Rural,177.0,92.89,72.21,69.87,64.42,Male,18145.84
Tirupattur,Tamil Nadu,Medical,Rural,193.5,62.46,75.58,63.35,57.52,Female,37492.71
Gwalior,Madhya Pradesh,Services,Rural,187.6,89.95,89.97,77.82,57.92,Female,27750.55
Gautam Buddha Nagar,Uttar Pradesh,LifeStyle,Rural,121.5,71.5,88.06,64.4,64.57,Female,22394.4
Hooghly,West Bengal,Manufacturing,Rural,23.5,116.67,70.43,88.58,48.53,Female,41976.78
Bishnupur,Manipur,Agriculture,Rural,124.0,80.95,77.77,92.21,61.31,Female,39699.3
Upper Subansiri,Arunachal Pradesh,Medical,Rural,122.1,90.92,80.37,80.71,70.26,Male,20745.05
Kamrup Metropolitan,Assam,Agriculture,Rural,176.8,90.49,74.02,86.03,69.53,Male,57715.67
Mayiladuthurai,Tamil Nadu,Medical,Rural,185.3,68.82,75.73,91.53,34.15,Female,27119.74
Palwal,Haryana,Food,Rural,154.4,37.2,73.19,81.11,27.23,Male,11746.56
Nashik,Maharashtra,Agriculture,Urban,183.1,82.65,90.0,72.72,43.26,Female,21875.57
Kishtwar,Jammu Kashmir,Agriculture,Urban,183.7,36.42,80.11,62.31,25.58,Female,72349.55
Nicobar,Andaman Nicobar,LifeStyle,Rural,40.1,85.06,91.74,65.81,47.47,Female,56972.15
Durg,Chhattisgarh,Construction,Rural,97.1,100.1,75.21,63.77,36.23,Male,25112.12
Chamoli,Uttarakhand,Services,Rural,97.6,77.81,80.44,73.89,49.5,Female,20078.12
Rampur,Uttar Pradesh,Agriculture,Urban,57.3,60.92,81.25,93.61,52.85,Male,20147.46
Jodhpur,Rajasthan,Construction,Urban,70.8,78.51,99.49,67.06,65.69,Male,37894.66
Sivasagar,Assam,Services,Urban,88.9,94.89,77.17,81.1,37.51,Male,57026.0
Dima Hasao,Assam,LifeStyle,Rural,25.6,76.1,89.33,81.97,70.87,Male,49145.38
Kutch,Gujarat,Agriculture,Urban,175.5,66.03,73.74,80.83,40.94,Female,40852.43
Morigaon,Assam,Services,Rural,21.1,74.14,98.29,70.51,49.19,Female,27540.87
Chhindwara,Madhya Pradesh,Construction,Rural,19.7,131.37,83.71,77.81,74.09,Male,34207.5
Ranchi,Jharkhand,LifeStyle,Rural,107.3,59.21,93.33,79.85,49.09,Male,22939.72
Anuppur,Madhya Pradesh,Agriculture,Rural,93.3,71.46,71.59,62.69,45.03,Female,51455.66
Madurai,Tamil Nadu,Manufacturing,Urban,87.9,85.66,71.44,76.27,53.88,Female,52056.59
Nicobar,Andaman Nicobar,LifeStyle,Rural,40.1,85.06,91.74,65.81,47.47,Male,15182.3
Ambedkar Nagar,Uttar Pradesh,Services,Rural,138.3,51.67,94.85,90.64,78.69,Male,47032.61
Theni,Tamil Nadu,Agriculture,Urban,63.9,69.65,97.19,66.97,61.01,Female,56651.69
Jiribam,Manipur,Construction,Urban,17.4,44.39,82.35,90.79,58.2,Female,22585.16
Mumbai City,Maharashtra,Food,Rural,40.6,77.22,70.87,64.6,53.7,Male,32322.21
Bandipora,Jammu Kashmir,Food,Rural,174.6,67.03,77.56,60.05,30.59,Female,30106.79
Komaram Bheem,Telangana,Manufacturing,Rural,132.6,87.12,82.1,78.97,44.67,Male,52041.11
Fatehabad,Haryana,Food,Rural,76.4,78.0,92.28,61.54,51.58,Female,20540.87
Jogulamba,Telangana,Services,Urban,23.7,95.27,97.66,60.22,71.98,Male,32997.85
Deoghar,Jharkhand,Services,Rural,144.3,79.56,71.69,87.97,59.3,Male,44035.26
Jhabua,Madhya Pradesh,IT and Security,Rural,58.9,58.66,93.58,83.3,66.76,Male,16475.23
Gwalior,Madhya Pradesh,Services,Rural,187.6,89.95,89.97,77.82,57.92,Female,51023.44
Bastar,Chhattisgarh,Food,Rural,127.7,51.39,96.1,68.27,44.46,Female,13499.91
Dindori,Madhya Pradesh,Manufacturing,Urban,86.8,90.99,84.48,82.15,61.06,Female,78331.56
Ballia,Uttar Pradesh,Services,Urban,126.7,97.68,99.35,87.27,41.07,Male,37936.01
Nellore,Andhra Pradesh,Medical,Rural,41.4,50.58,82.79,71.9,50.77,Male,36300.91
Kamrup Metropolitan,Assam,Agriculture,Rural,176.8,90.49,74.02,86.03,69.53,Female,35072.94
Dima Hasao,Assam,LifeStyle,Rural,25.6,76.1,89.33,81.97,70.87,Female,31489.49
Mahendragarh,Haryana,IT and Security,Rural,55.3,90.7,74.5,68.08,34.84,Male,27510.68
Central Delhi,Delhi,Medical,Urban,108.7,53.64,91.09,89.39,66.1,Female,5000.0
Peren,Nagaland,Services,Rural,109.5,76.42,95.35,60.5,67.66,Male,45448.3
Rajanna Sircilla,Telangana,Food,Urban,101.9,96.15,81.95,79.67,50.34,Male,17321.68
Kendrapara,Odisha,Construction,Urban,101.1,91.59,96.26,82.3,85.31,Female,60842.02
Lohit,Arunachal Pradesh,Services,Rural,107.2,64.57,91.88,72.78,27.75,Male,31724.31
Shaheed Bhagat Singh Nagar,Punjab,Food,Rural,175.5,75.42,70.21,68.67,27.44,Male,34420.14
Nilgiris,Tamil Nadu,Manufacturing,Urban,97.1,82.97,70.83,86.34,21.8,Male,29933.09
Champhai,Mizoram,Food,Urban,39.2,86.05,97.23,79.92,32.45,Male,31200.64
Nirmal,Telangana,IT and Security,Urban,180.8,92.07,76.67,85.61,55.71,Female,41674.33
Surat,Gujarat,IT and Security,Rural,74.7,136.71,88.3,83.75,54.15,Female,66838.46
Shahpura,Rajasthan,Construction,Rural,88.0,91.92,84.05,87.23,48.99,Female,35044.21
Tirunelveli,Tamil Nadu,LifeStyle,Rural,101.5,98.71,75.97,86.28,60.65,Male,66445.23
Balangir,Odisha,Medical,Urban,144.7,104.27,75.2,72.32,68.88,Male,42614.16
Raigarh,Chhattisgarh,Agriculture,Rural,5.7,104.82,94.66,90.35,44.25,Female,47817.95
Sheohar,Bihar,Medical,Urban,102.9,66.79,99.75,86.74,64.39,Male,13235.53
Changlang,Arunachal Pradesh,Construction,Urban,151.1,101.96,83.37,91.51,42.75,Female,51604.98
Jaipur Rural,Rajasthan,Agriculture,Urban,93.4,38.21,73.11,69.21,42.01,Male,38638.15
Karauli,Rajasthan,Food,Rural,107.5,40.27,73.4,77.02,59.96,Female,47330.74
Dima Hasao,Assam,LifeStyle,Rural,25.6,76.1,89.33,81.97,70.87,Male,59328.95
Koderma,Jharkhand,Manufacturing,Rural,178.3,72.78,75.44,70.03,12.86,Female,35538.96
Faridkot,Punjab,Services,Rural,168.6,108.54,98.89,93.04,49.63,Female,16567.07
Surat,Gujarat,IT and Security,Rural,74.7,136.71,88.3,83.75,54.15,Male,70290.24
Vikarabad,Telangana,Food,Rural,130.1,100.18,76.26,60.51,33.49,Male,54816.11
Chandigarh,Chandigarh,IT and Security,Urban,74.8,54.77,99.35,66.83,63.92,Male,37813.89
Firozpur,Punjab,Food,Rural,172.8,98.62,97.71,75.59,65.97,Male,55798.84
Jalaun,Uttar Pradesh,Construction,Rural,191.2,57.33,89.91,92.75,67.4,Male,30219.4
Tirunelveli,Tamil Nadu,LifeStyle,Rural,101.5,98.71,75.97,86.28,60.65,Male,37449.23
Chengalpattu,Tamil Nadu,IT and Security,Rural,56.8,83.84,92.88,93.94,63.09,Female,17912.36
Rewari,Haryana,Services,Urban,82.6,71.17,77.7,78.53,39.85,Male,41024.71
Angul,Odisha,Food,Rural,125.2,72.69,94.23,75.68,56.3,Female,32387.27
Unakoti,Tripura,LifeStyle,Rural,158.6,99.82,72.08,63.96,48.18,Female,33042.69
Bhopal,Madhya Pradesh,LifeStyle,Rural,131.2,75.44,93.52,73.51,34.91,Female,39625.77
Surendranagar,Gujarat,Food,Urban,62.0,118.11,80.46,83.77,72.07,Female,64192.65
Puducherry,Puducherry,Medical,Rural,8.1,98.68,90.18,72.82,51.18,Female,35651.15
Krishnagiri,Tamil Nadu,Manufacturing,Urban,63.3,52.66,98.3,70.53,43.86,Female,39092.69
Nabarangpur,Odisha,Food,Urban,7.1,51.83,83.13,85.48,56.89,Male,18005.89
Noklak,Nagaland,Agriculture,Urban,9.7,110.57,96.51,94.69,61.01,Male,20134.9
Bageshwar,Uttarakhand,Manufacturing,Rural,156.8,86.8,87.97,86.6,54.41,Female,56402.76
Hisar,Haryana,Food,Rural,177.2,72.24,96.22,93.85,58.67,Male,14930.17
Mansa,Punjab,Food,Rural,45.7,81.22,95.95,93.49,52.29,Male,45831.1
Agra,Uttar Pradesh,Manufacturing,Rural,187.4,88.75,93.55,70.68,71.53,Male,13300.64
North Goa,Goa,Construction,Rural,139.4,79.72,95.07,73.88,56.39,Female,30970.38
Nagarkurnool,Telangana,Agriculture,Urban,102.7,59.65,71.71,71.76,47.32,Female,31299.81
Sonbhadra,Uttar Pradesh,Manufacturing,Rural,98.3,72.25,87.76,78.94,37.14,Female,32935.43
Kalaburagi,Karnataka,Construction,Rural,149.9,92.52,89.3,74.3,37.37,Female,27267.76
Nagaur,Rajasthan,Manufacturing,Rural,35.6,89.75,70.16,93.78,62.94,Male,51463.3
Shravasti,Uttar Pradesh,Medical,Rural,196.7,72.31,80.64,86.63,42.5,Male,43300.3
Sukma,Chhattisgarh,Construction,Urban,106.9,82.73,96.16,60.96,47.7,Male,28517.18
Dahod,Gujarat,Manufacturing,Rural,147.2,45.72,98.95,76.7,75.5,Female,33683.4
Shahjahanpur,Uttar Pradesh,LifeStyle,Rural,141.9,57.96,81.79,69.03,63.97,Male,41594.6
Idukki,Kerala,Food,Urban,166.8,67.73,83.8,72.03,73.94,Female,38777.37
Sheohar,Bihar,Medical,Urban,102.9,66.79,99.75,86.74,64.39,Male,29411.71
Ramban,Jammu Kashmir,Agriculture,Rural,166.1,116.11,84.73,72.06,35.65,Female,79547.24
Cuddalore,Tamil Nadu,IT and Security,Rural,32.9,77.46,98.26,91.12,45.36,Male,42010.64
Aurangabad,Bihar,LifeStyle,Rural,132.4,50.83,92.39,83.64,52.42,Female,17829.85
Aurangabad,Maharashtra,Agriculture,Urban,139.4,103.46,87.66,88.1,60.42,Male,86106.34
North 24 Parganas,West Bengal,Services,Rural,57.7,100.66,75.85,80.72,55.67,Male,70757.7
Paschim Bardhaman,West Bengal,IT and Security,Rural,82.3,69.75,92.72,94.51,39.47,Female,5000.0
Debagarh,Odisha,Medical,Rural,11.7,52.05,71.84,94.0,53.35,Male,26503.62
Khairthal Tijara,Rajasthan,IT and Security,Urban,10.4,87.02,91.78,89.01,77.58,Male,30417.54
Mamit,Mizoram,Agriculture,Urban,59.1,60.45,77.87,76.75,66.34,Female,16494.67
Palghar,Maharashtra,IT and Security,Urban,26.3,67.35,82.75,66.42,43.61,Female,39064.76
Satna,Madhya Pradesh,IT and Security,Rural,99.9,65.29,70.48,62.57,75.17,Male,50633.17
Jodhpur,Rajasthan,Construction,Urban,70.8,78.51,99.49,67.06,65.69,Male,37034.55
Ajmer,Rajasthan,Medical,Rural,24.1,68.66,80.78,90.46,44.7,Male,29983.02
South Andaman,Andaman Nicobar,Services,Rural,144.8,79.5,96.69,84.71,35.57,Male,58352.18
Amethi,Uttar Pradesh,Food,Rural,141.2,67.48,97.64,72.52,57.3,Female,26631.88
Chamoli,Uttarakhand,Services,Rural,97.6,77.81,80.44,73.89,49.5,Male,5000.0
South West Delhi,Delhi,LifeStyle,Urban,34.2,91.41,87.57,69.47,72.32,Female,51481.42
Dhemaji,Assam,IT and Security,Urban,194.2,98.06,79.21,85.56,55.86,Female,59495.74
Mahasamund,Chhattisgarh,Agriculture,Urban,27.8,73.57,72.45,61.64,40.91,Female,31138.58
Chirang,Assam,Food,Rural,64.4,73.68,93.0,72.23,47.59,Female,23061.36
Jehanabad,Bihar,LifeStyle,Urban,25.3,76.07,72.79,78.58,56.77,Female,42908.43
Balasore,Odisha,Services,Rural,87.6,122.18,82.34,60.99,55.25,Male,61597.67
Nayagarh,Odisha,Construction,Rural,46.8,60.74,80.89,78.9,42.99,Male,5000.0
Shopian,Jammu Kashmir,Agriculture,Urban,64.8,115.21,76.47,79.45,58.99,Male,32970.07
Shimla,Himachal Pradesh,Manufacturing,Rural,154.4,28.18,99.93,90.6,42.72,Female,39465.67
Ludhiana,Punjab,Services,Rural,197.5,63.07,98.48,66.51,37.12,Male,22265.76
Jaunpur,Uttar Pradesh,Manufacturing,Rural,14.0,112.07,91.13,66.05,78.62,Male,83542.86
Rudraprayag,Uttarakhand,Manufacturing,Rural,99.2,68.62,96.59,93.21,37.23,Male,29990.7
Haveri,Karnataka,LifeStyle,Urban,64.4,33.18,79.68,77.94,61.37,Male,26001.66
Biswanath,Assam,IT and Security,Rural,39.2,74.68,75.61,67.89,55.41,Male,28453.01
Udhampur,Jammu Kashmir,Construction,Rural,108.7,75.79,74.8,62.72,40.44,Female,39379.28
Saitual,Mizoram,LifeStyle,Rural,197.1,94.01,78.15,69.35,60.73,Male,37438.19
Hassan,Karnataka,Medical,Urban,141.7,47.18,84.87,78.14,48.78,Female,51755.73
Morena,Madhya Pradesh,IT and Security,Rural,34.3,86.38,86.28,69.1,60.33,Female,50741.95
Nayagarh,Odisha,Construction,Rural,46.8,60.74,80.89,78.9,42.99,Male,56020.33
Ambedkar Nagar,Uttar Pradesh,Services,Rural,138.3,51.67,94.85,90.64,78.69,Male,18699.27
Anuppur,Madhya Pradesh,Agriculture,Rural,93.3,71.46,71.59,62.69,45.03,Male,11307.47
Pune,Maharashtra,Medical,Rural,29.7,81.87,80.05,94.85,69.73,Female,50930.1
Durg,Chhattisgarh,Construction,Rural,97.1,100.1,75.21,63.77,36.23,Male,5000.0
Kondagaon,Chhattisgarh,LifeStyle,Urban,65.4,77.45,81.33,65.03,62.09,Male,34057.79
Bikaner,Rajasthan,Food,Rural,68.3,46.99,79.87,91.03,53.11,Female,36138.92
East Jaintia Hills,Meghalaya,Construction,Urban,20.7,92.12,94.42,88.53,58.3,Female,27627.67
Yamunanagar,Haryana,IT and Security,Rural,74.7,72.22,85.4,93.23,73.4,Male,37369.69
Mancherial,Telangana,Food,Rural,187.9,70.51,99.35,90.29,67.34,Male,24685.62
Tehri,Uttarakhand,Agriculture,Rural,111.0,99.49,71.51,64.83,56.25,Female,40539.19
Chumukedima,Nagaland,IT and Security,Urban,167.5,67.07,83.17,67.63,44.98,Male,11959.53
Bharuch,Gujarat,Construction,Rural,40.6,100.27,70.45,72.65,47.87,Male,34305.78
Palamu,Jharkhand,IT and Security,Rural,93.6,99.22,89.57,91.95,94.3,Male,40145.48
Deoghar,Jharkhand,Services,Rural,144.3,79.56,71.69,87.97,59.3,Male,40582.34
Yadgir,Karnataka,Services,Rural,156.6,63.43,99.92,63.43,52.54,Male,15513.93
Buldhana,Maharashtra,Construction,Urban,191.5,72.71,88.54,74.49,52.56,Female,5000.0
Jalaun,Uttar Pradesh,Construction,Rural,191.2,57.33,89.91,92.75,67.4,Male,35576.67
Chandrapur,Maharashtra,Construction,Rural,114.4,72.81,85.92,94.04,62.0,Female,42334.29
Mahabubabad,Telangana,Food,Rural,43.7,71.83,95.4,69.5,41.91,Female,36905.49
Jodhpur,Rajasthan,Construction,Urban,70.8,78.51,99.49,67.06,65.69,Male,45885.67
Amethi,Uttar Pradesh,Food,Rural,141.2,67.48,97.64,72.52,57.3,Female,31286.0
Jayashankar,Telangana,LifeStyle,Rural,124.5,100.6,75.47,81.71,44.66,Female,68071.01
Alluri Sitarama Raju,Andhra Pradesh,LifeStyle,Rural,126.4,72.31,72.47,64.72,56.23,Female,34096.44
Guntur,Andhra Pradesh,Agriculture,Rural,172.6,89.86,84.94,74.3,51.3,Male,21365.26
Kadapa,Andhra Pradesh,Food,Rural,50.9,93.87,87.59,75.62,35.3,Female,64295.72
Dhar,Madhya Pradesh,Manufacturing,Rural,16.1,67.85,70.02,75.26,49.51,Male,60827.94
Khowai,Tripura,LifeStyle,Urban,106.5,93.6,74.45,82.93,37.72,Male,34924.06
Jagtial,Telangana,Services,Urban,42.3,81.76,74.29,88.2,49.75,Female,45030.47
Tiruvallur,Tamil Nadu,Medical,Rural,92.7,74.42,76.23,69.84,35.17,Male,34289.84
Bongaigaon,Assam,IT and Security,Rural,150.6,84.06,83.78,81.62,77.51,Male,38921.85
Moga,Punjab,Manufacturing,Urban,43.0,98.77,78.28,64.92,73.91,Male,37785.77
Fazilka,Punjab,IT and Security,Rural,16.7,76.99,72.71,89.08,7.6,Male,38409.35
Jaipur Rural,Rajasthan,Agriculture,Urban,93.4,38.21,73.11,69.21,42.01,Female,32609.21
Varanasi,Uttar Pradesh,IT and Security,Rural,185.9,82.19,81.03,80.23,43.82,Female,32634.56
Sakti,Chhattisgarh,Construction,Urban,73.7,76.34,97.23,76.33,43.07,Male,53014.7
Ambala,Haryana,Construction,Rural,124.4,60.49,71.31,70.21,66.29,Female,21992.66
Kokrajhar,Assam,Medical,Urban,93.5,93.52,72.12,80.4,42.81,Female,40940.61
Dhar,Madhya Pradesh,Manufacturing,Rural,16.1,67.85,70.02,75.26,49.51,Female,43356.81
Idukki,Kerala,Food,Urban,166.8,67.73,83.8,72.03,73.94,Female,28074.53
Bandipora,Jammu Kashmir,Food,Rural,174.6,67.03,77.56,60.05,30.59,Male,27803.42
Khairthal Tijara,Rajasthan,IT and Security,Urban,10.4,87.02,91.78,89.01,77.58,Female,34806.43
Dindori,Madhya Pradesh,Manufacturing,Urban,86.8,90.99,84.48,82.15,61.06,Female,31744.44
Gondia,Maharashtra,Medical,Rural,125.6,28.1,88.33,63.47,24.95,Female,10932.18
Kondagaon,Chhattisgarh,LifeStyle,Urban,65.4,77.45,81.33,65.03,62.09,Female,39085.37
Krishna,Andhra Pradesh,Manufacturing,Urban,130.9,85.15,85.88,86.95,68.14,Male,53204.01
Sitamarhi,Bihar,Manufacturing,Urban,125.8,81.8,80.14,62.79,63.06,Female,26078.42
Chikkamagaluru,Karnataka,Medical,Urban,184.0,92.44,71.49,61.12,51.99,Female,23617.29
Moradabad,Uttar Pradesh,Construction,Rural,134.0,87.96,98.54,60.52,32.36,Male,28319.93
Chhota Udaipur,Gujarat,LifeStyle,Rural,181.9,67.07,83.66,81.24,59.03,Male,42104.93
Raichur,Karnataka,Agriculture,Rural,114.8,84.58,74.48,85.95,30.7,Male,24001.12
Gopalganj,Bihar,Construction,Rural,76.7,61.75,75.72,64.23,60.11,Male,49919.18
Khargone,Madhya Pradesh,Agriculture,Urban,139.9,98.99,79.51,64.13,38.91,Female,53373.73
East Delhi,Delhi,Food,Urban,111.4,93.78,79.9,80.5,34.81,Male,32992.05
Prakasam,Andhra Pradesh,Agriculture,Rural,168.2,67.47,78.11,86.9,41.38,Male,39777.41
Solan,Himachal Pradesh,Construction,Rural,9.1,93.67,97.95,84.58,65.79,Male,13118.98
Amethi,Uttar Pradesh,Food,Rural,141.2,67.48,97.64,72.52,57.3,Male,26226.23
Krishnagiri,Tamil Nadu,Manufacturing,Urban,63.3,52.66,98.3,70.53,43.86,Male,36423.56
Saran,Bihar,Medical,Urban,110.1,60.48,93.74,94.19,50.56,Male,35230.79
Aizawl,Mizoram,Construction,Urban,172.9,70.35,81.33,92.03,57.87,Female,27764.91
Visakhapatnam,Andhra Pradesh,IT and Security,Rural,71.6,112.81,82.63,72.51,61.38,Male,55702.86
Bidar,Karnataka,Medical,Rural,111.8,93.13,77.49,78.96,53.94,Female,53777.06
Ramgarh,Jharkhand,Manufacturing,Urban,45.5,65.22,71.49,67.88,23.01,Male,30488.85
Visakhapatnam,Andhra Pradesh,IT and Security,Rural,71.6,112.81,82.63,72.51,61.38,Female,56281.48
Kanker,Chhattisgarh,Agriculture,Urban,8.9,63.01,74.58,62.97,69.62,Female,39866.33
Niwari,Madhya Pradesh,Services,Rural,81.9,116.26,80.58,84.15,51.98,Male,42564.72
Kanpur Dehat,Uttar Pradesh,Manufacturing,Urban,13.7,77.29,89.19,63.78,67.76,Female,11681.41
Chittoor,Andhra Pradesh,IT and Security,Urban,130.5,90.61,79.28,88.02,49.16,Female,5000.0
Wardha,Maharashtra,Manufacturing,Urban,77.9,44.42,83.27,85.16,52.96,Female,34475.62
Salem,Tamil Nadu,LifeStyle,Urban,153.5,63.29,73.82,79.85,48.49,Male,22034.74
Manendragarh,Chhattisgarh,Medical,Urban,107.1,67.65,86.17,69.16,52.33,Male,40294.23
Chandrapur,Maharashtra,Construction,Rural,114.4,72.81,85.92,94.04,62.0,Male,31889.6
Indore,Madhya Pradesh,Agriculture,Urban,186.9,90.74,84.54,73.61,64.86,Female,42709.26
Chennai,Tamil Nadu,Manufacturing,Rural,94.1,97.28,84.75,94.61,68.95,Male,54447.37
Solapur,Maharashtra,Services,Rural,118.2,43.48,74.75,77.63,48.47,Male,27684.2
Jayashankar,Telangana,LifeStyle,Rural,124.5,100.6,75.47,81.71,44.66,Female,58743.12
Longleng,Nagaland,Manufacturing,Urban,18.2,100.05,82.99,93.22,45.74,Female,59868.23
Dhubri,Assam,Agriculture,Urban,196.8,79.14,89.93,65.86,84.42,Male,32066.3
Yadadri Bhuvanagiri,Telangana,Medical,Rural,58.5,76.52,78.39,66.43,65.95,Female,52435.88
Burhanpur,Madhya Pradesh,LifeStyle,Urban,67.7,75.18,96.91,61.14,59.75,Male,17943.49
Churachandpur,Manipur,Medical,Urban,144.1,97.95,75.23,71.73,48.68,Male,27536.47
Balaghat,Madhya Pradesh,Agriculture,Rural,20.6,86.73,72.1,65.76,32.12,Female,38646.78
Rajkot,Gujarat,Manufacturing,Urban,148.4,90.3,99.59,68.77,68.51,Female,27916.2
East Kameng,Arunachal Pradesh,Agriculture,Urban,190.9,61.74,98.01,83.93,50.44,Male,35507.82
Lohit,Arunachal Pradesh,Services,Rural,107.2,64.57,91.88,72.78,27.75,Male,7127.23
Etawah,Uttar Pradesh,Food,Rural,188.9,56.75,78.26,84.2,45.83,Male,18786.32
Morigaon,Assam,Services,Rural,21.1,74.14,98.29,70.51,49.19,Female,32438.5
Balasore,Odisha,Services,Rural,87.6,122.18,82.34,60.99,55.25,Female,42581.91
Doda,Jammu Kashmir,Services,Urban,94.3,70.84,91.24,67.99,51.57,Male,32506.19
Sangrur,Punjab,Medical,Rural,184.7,95.41,96.15,72.37,62.16,Female,28877.22
Kondagaon,Chhattisgarh,LifeStyle,Urban,65.4,77.45,81.33,65.03,62.09,Male,13345.51
Seoni,Madhya Pradesh,Construction,Rural,162.5,125.99,93.95,70.82,39.01,Male,43876.22
Karbi Anglong,Assam,Medical,Rural,164.9,79.87,96.05,62.89,39.57,Female,41519.78
Mathura,Uttar Pradesh,Medical,Urban,120.8,50.12,89.04,90.07,56.16,Female,37620.22
Jaipur Rural,Rajasthan,Agriculture,Urban,93.4,38.21,73.11,69.21,42.01,Male,27864.38
Seraikela Kharsawan,Jharkhand,IT and Security,Rural,162.0,92.85,83.02,83.77,57.96,Male,5609.85
Jalpaiguri,West Bengal,LifeStyle,Rural,31.8,87.59,88.9,91.38,43.8,Male,58625.7
Fatehpur,Uttar Pradesh,Agriculture,Rural,103.0,84.33,89.25,66.34,47.49,Male,58038.01
Poonch,Jammu Kashmir,Services,Rural,148.1,86.43,71.14,77.57,51.73,Female,22597.85
Udham Singh Nagar,Uttarakhand,LifeStyle,Rural,77.9,62.21,76.19,84.33,34.16,Female,18594.82
Sheikhpura,Bihar,Medical,Rural,157.5,60.55,98.4,87.89,41.01,Female,35657.37
Belgaum,Karnataka,LifeStyle,Rural,7.2,42.58,96.54,61.98,47.7,Female,17057.67
Bharuch,Gujarat,Construction,Rural,40.6,100.27,70.45,72.65,47.87,Female,34769.69
Nayagarh,Odisha,Construction,Rural,46.8,60.74,80.89,78.9,42.99,Female,47424.95
Didwana Kuchaman,Rajasthan,Medical,Rural,136.6,55.97,90.96,80.97,85.22,Male,36543.18
Gorakhpur,Uttar Pradesh,LifeStyle,Rural,83.9,107.98,83.82,76.6,58.42,Female,68675.87
Khargone,Madhya Pradesh,Agriculture,Urban,139.9,98.99,79.51,64.13,38.91,Male,52645.77
Kurung Kumey,Arunachal Pradesh,Food,Rural,181.5,87.98,71.34,71.93,55.66,Female,12246.72
Balod,Chhattisgarh,IT and Security,Urban,108.4,71.73,96.79,77.44,55.61,Male,30158.72
South Garo Hills,Meghalaya,IT and Security,Rural,21.2,88.91,94.59,61.25,51.44,Female,34592.61
Tonk,Rajasthan,Medical,Urban,104.2,78.91,91.41,67.7,61.89,Female,70799.43
Khargone,Madhya Pradesh,Agriculture,Urban,139.9,98.99,79.51,64.13,38.91,Male,78299.99
Koppal,Karnataka,IT and Security,Rural,156.9,76.45,91.45,68.71,49.16,Male,57091.16
Mandi,Himachal Pradesh,Construction,Urban,92.5,97.29,76.75,62.02,31.15,Male,48178.2
Mon,Nagaland,Agriculture,Rural,165.7,73.53,98.13,67.07,63.22,Female,40763.25
Jind,Haryana,IT and Security,Rural,179.2,94.02,99.43,63.61,42.82,Female,29724.04
Udalguri,Assam,Services,Urban,116.3,55.46,85.86,94.74,52.74,Female,36676.33
Cuttack,Odisha,Medical,Rural,172.9,98.35,93.26,74.22,69.63,Female,41375.57
Moradabad,Uttar Pradesh,Construction,Rural,134.0,87.96,98.54,60.52,32.36,Female,43177.77
Godda,Jharkhand,Medical,Urban,133.6,67.9,81.9,60.79,65.38,Male,18629.47
Diu,Dadra Nagar Haveli and Daman and Diu,Services,Urban,104.7,87.29,94.56,76.35,31.32,Female,15384.15
Kangpokpi,Manipur,Agriculture,Urban,144.9,61.77,99.94,65.39,74.28,Male,40341.97
Alluri Sitarama Raju,Andhra Pradesh,LifeStyle,Rural,126.4,72.31,72.47,64.72,56.23,Female,22801.64
Dewas,Madhya Pradesh,Food,Urban,176.7,87.94,96.3,84.6,37.56,Female,20474.78
Nagaon,Assam,Manufacturing,Rural,120.6,76.19,87.95,89.55,61.5,Male,35210.94
Shahdol,Madhya Pradesh,Services,Rural,177.2,88.14,74.25,92.68,56.14,Male,36911.05
Ariyalur,Tamil Nadu,Manufacturing,Rural,77.9,79.49,94.76,72.23,42.09,Male,48657.37
Mairang,Meghalaya,Medical,Rural,18.6,70.37,99.53,72.13,62.18,Male,79230.9
Purnia,Bihar,Agriculture,Rural,27.1,69.32,73.37,73.5,57.85,Male,23736.2
Botad,Gujarat,Construction,Urban,32.1,96.69,80.27,88.9,34.08,Female,70510.95
